#,PLAYER,GP,MIN,PTS,FGM,FGA,FG%,3PM,3PA,3P%,FTM,FTA,FT%,OREB,DREB,REB,AST,STL,BLK,TOV,EFG%,TS%,HOF
1,Kevin Durant,897,36.7,27.1,9.2,18.6,49.6,1.9,4.9,38.5,6.7,7.6,88.2,0.7,6.4,7.1,4.2,1.1,1.1,3.1,54.6,61.6,0
2,LeBron James,1316,38.2,27,9.8,19.5,50.4,1.5,4.4,34.5,5.8,7.9,73.4,1.2,6.3,7.4,7.4,1.6,0.8,3.5,54.3,58.6,0
3,James Harden,890,34.4,25.1,7.4,16.7,44.4,2.8,7.7,36.4,7.5,8.7,85.8,0.8,4.7,5.5,6.6,1.6,0.5,3.7,52.8,61.1,0
4,Damian Lillard,695,36.3,24.6,8.1,18.4,43.8,3,8,37.3,5.5,6.1,89.3,0.6,3.6,4.2,6.6,1,0.3,2.8,51.9,58.2,0
5,Stephen Curry,774,34.3,24.3,8.3,17.5,47.6,3.7,8.7,43.2,3.8,4.2,90.8,0.7,3.9,4.6,6.5,1.7,0.2,3.1,58.3,62.7,0
6,Anthony Davis,577,34.4,23.9,8.9,17.3,51.4,0.5,1.6,30.7,5.6,7,79.8,2.5,7.7,10.2,2.3,1.4,2.3,2,52.8,58.5,0
7,Russell Westbrook,956,34.7,23.1,8.2,18.8,43.7,1.1,3.7,30.5,5.5,7,78.9,1.7,5.7,7.4,8.5,1.7,0.3,4.1,46.7,52.8,0
8,Devin Booker,420,33.5,22.9,8,17.6,45.4,1.9,5.5,35.2,5,5.8,86.9,0.5,3.3,3.8,4.7,0.8,0.3,3.3,51,57,0
9,KarlNaNAnthony Towns,419,34.3,22.9,8.5,16.2,52.6,1.6,4,39.8,4.3,5.1,83.6,3.1,8.5,11.6,3,0.8,1.4,2.6,57.5,62.1,0
10,Carmelo Anthony,1204,35,22.9,8.2,18.3,44.7,1.3,3.8,35.6,5.2,6.3,81.4,1.6,4.7,6.3,2.8,1,0.5,2.5,48.4,54.2,0
11,Kyrie Irving,582,33.9,22.8,8.4,17.9,47,2.2,5.6,39.1,3.8,4.4,88.1,0.8,3,3.8,5.7,1.3,0.4,2.6,53.1,57.6,0
12,Bradley Beal,615,34.7,22,8,17.6,45.5,2.3,6,37.4,3.8,4.6,82.3,0.9,3.2,4.1,4.1,1.1,0.4,2.4,52,56.2,0
13,Giannis Antetokounmpo,601,32.5,21,7.7,14.5,53.1,0.7,2.3,28.7,5,7,71.6,1.7,7.5,9.2,4.5,1.2,1.3,2.8,55.4,59.9,0
14,Blake Griffin,680,34,20.7,7.7,15.6,49.4,0.7,2.2,32.9,4.5,6.5,69.5,2.1,6.5,8.5,4.3,0.9,0.5,2.5,51.7,55.9,0
15,Paul George,717,33.5,20.3,6.9,15.8,43.7,2.5,6.5,38.3,4,4.7,84.8,0.9,5.5,6.4,3.5,1.7,0.4,2.7,51.6,56.8,0
16,DeMar DeRozan,893,34.1,20.2,7.2,15.7,46.1,0.4,1.5,28.2,5.3,6.4,83.4,0.7,3.6,4.4,3.8,1,0.3,2,47.4,54.6,0
17,Kemba Walker,716,33.6,19.7,6.8,16.3,41.9,2.3,6.3,36.1,3.8,4.6,84,0.6,3.3,3.8,5.3,1.3,0.4,2.1,48.8,54,0
18,Klay Thompson,615,33.1,19.5,7.3,16,45.9,2.9,7,41.9,1.9,2.3,84.8,0.4,3,3.5,2.3,0.9,0.5,1.7,55.1,57.5,0
19,Andrew Wiggins,537,35.3,19.5,7.2,16.2,44.6,1.3,3.8,34.1,3.7,5.1,73.2,1.2,3.2,4.4,2.3,1,0.7,2,48.6,52.8,0
20,LaMarcus Aldridge,1041,34,19.3,7.8,15.9,49.2,0.2,0.7,32.3,3.5,4.3,81.1,2.6,5.6,8.2,2,0.7,1.1,1.5,49.8,54.3,0
21,Kawhi Leonard,576,31.3,19.2,6.9,14,49.3,1.5,3.9,38.4,3.9,4.5,85.8,1.2,5.2,6.4,2.9,1.8,0.6,1.6,54.7,60,0
22,Zach LaVine,423,31.5,19.2,6.9,15.1,45.9,2.1,5.4,38.4,3.3,4,82.7,0.5,3.4,3.9,3.8,0.9,0.3,2.7,52.8,57.1,0
23,John Wall,613,35.6,19.1,6.9,16,43.1,1,3.1,32.3,4.3,5.5,77.9,0.6,3.7,4.3,9.1,1.7,0.7,3.8,46.2,51.7,0
24,CJ McCollum,541,31.3,18.9,7.3,16,45.4,2.3,5.7,39.7,2.2,2.6,82.4,0.6,2.8,3.4,3.3,0.9,0.4,1.7,52.5,55.2,0
25,Nikola Jokic,464,29.9,18.6,7.2,13.4,53.5,1,2.8,34.7,3.3,4,83.3,2.6,7.3,9.9,6,1.2,0.7,2.6,57.2,61.5,0
26,Derrick Rose,659,31.8,18.3,7.2,15.7,45.7,0.8,2.6,31.5,3.2,3.8,82.9,0.8,2.5,3.3,5.4,0.8,0.3,2.5,48.3,52.8,0
27,Chris Paul,1101,34.6,18.3,6.4,13.6,47.2,1.4,3.6,37.1,4.1,4.6,87.2,0.6,3.9,4.5,9.4,2.1,0.1,2.4,52.2,58.3,0
28,Kevin Love,745,31.6,17.9,5.9,13.4,44.1,1.7,4.7,36.9,4.4,5.3,82.9,2.7,8.3,11,2.4,0.7,0.4,2,50.5,57,0
29,Victor Oladipo,454,33,17.5,6.4,14.7,43.8,1.6,4.6,34.7,3,3.8,79.1,0.6,4,4.6,4,1.6,0.5,2.6,49.2,53.4,0
30,Jimmy Butler,644,33.1,17.5,5.7,12.4,45.9,0.8,2.5,32.7,5.3,6.3,83.8,1.5,3.7,5.3,4,1.6,0.5,1.6,49.3,57.7,0
31,Julius Randle,459,30.6,17.5,6.5,13.4,48.2,0.8,2.3,34.3,3.7,5,74.1,2,7.2,9.2,3.4,0.7,0.5,2.7,51.1,55.8,0
32,Nikola Vucevic,679,30.7,16.8,7.2,14.6,49.4,0.7,1.9,35.4,1.7,2.2,75.6,2.6,7.8,10.4,2.7,0.9,0.9,1.7,51.8,53.9,0
33,Khris Middleton,591,31.7,16.8,6.1,13.3,46,1.8,4.6,39.3,2.7,3.1,87.9,0.6,4.2,4.8,3.6,1.2,0.2,2,52.7,57.1,0
34,Rudy Gay,1009,32.4,16.8,6.3,14,45.4,1.1,3.1,35,3,3.7,79.9,1.3,4.5,5.8,2.1,1.2,0.8,2.1,49.2,53.6,0
35,Eric Gordon,702,32.6,16.6,5.6,13.2,42.6,2.3,6.3,36.9,3,3.7,81.1,0.4,2,2.4,2.8,0.9,0.3,2,51.4,55.9,0
36,Brook Lopez,856,30.3,16.5,6.3,12.7,49.4,0.7,2.2,34,3.1,3.9,79.6,2.1,4.2,6.3,1.4,0.6,1.8,1.7,52.3,56.9,0
37,Tobias Harris,687,31,16.3,6.2,13.1,47.6,1.3,3.6,36.6,2.5,3.1,82.8,1,5.1,6.1,2.2,0.7,0.5,1.4,52.6,56.5,0
38,Dwight Howard,1193,32.4,16.1,5.8,9.9,58.6,0,0.1,17.4,4.4,7.8,56.6,3.4,8.6,12,1.4,0.9,1.8,2.7,58.7,60.2,0
39,Buddy Hield,400,28.9,16,5.9,13.5,43.4,3,7.5,40.5,1.3,1.5,86.2,0.7,3.5,4.3,2.4,0.8,0.3,1.7,54.6,56.6,0
40,Jrue Holiday,779,33.1,16,6.3,13.8,45.6,1.3,3.8,35.8,2,2.6,77.8,0.9,3.1,4,6.4,1.5,0.5,2.7,50.5,53.4,0
41,Danilo Gallinari,672,30.2,15.8,4.8,11.2,42.7,2,5.2,38.2,4.3,4.9,87.5,0.7,4.1,4.8,2,0.8,0.4,1.3,51.4,59.1,0
42,Gordon Hayward,699,31.1,15.7,5.4,11.9,45.4,1.4,3.7,37.2,3.5,4.2,82.5,0.8,3.7,4.5,3.5,1,0.4,2,51.2,56.9,0
43,Jordan Clarkson,533,26.9,15.2,5.8,13.2,44,1.7,5,33.8,1.9,2.3,82.8,0.8,2.4,3.2,2.5,0.9,0.1,1.7,50.5,53.7,0
44,Mike Conley,896,32.2,14.9,5.3,12.1,44,1.5,4,38,2.8,3.4,82.1,0.5,2.5,3,5.7,1.4,0.2,2,50.2,55,0
45,Kyle Lowry,971,31.8,14.8,4.8,11.2,42.4,1.9,5.2,36.7,3.4,4.2,81.2,0.8,3.6,4.4,6.3,1.3,0.3,2.4,50.8,56.7,0
46,Bojan Bogdanovic,546,28.9,14.6,5.1,11.1,45.6,2,5,39.2,2.5,2.9,86.4,0.5,3,3.5,1.5,0.6,0.1,1.6,54.4,58.9,0
47,Andre Drummond,657,30.6,14.4,6.1,11.3,53.7,0,0.2,13.4,2.2,4.8,47.2,4.7,9,13.7,1.4,1.4,1.5,2,53.8,53.8,0
48,Evan Fournier,578,28.5,14.3,5.1,11.5,44.9,1.9,4.9,37.9,2.2,2.7,80.5,0.4,2.4,2.8,2.6,0.9,0.1,1.6,53.1,56.6,0
49,Dennis Schroder,569,26.4,14.3,5.4,12.3,43.6,1.1,3.4,33.6,2.4,2.9,83.1,0.4,2.5,2.9,4.7,0.8,0.1,2.4,48.3,52.7,0
50,Lou Williams,1075,24.6,14.2,4.6,10.9,41.9,1.3,3.8,35.1,3.7,4.4,84.2,0.4,1.9,2.2,3.4,0.9,0.2,1.7,48,55.2,0
51,Harrison Barnes,683,31.7,14,5.1,11.3,45.3,1.3,3.5,37.8,2.5,3.1,80.2,1,4.1,5.1,1.8,0.7,0.2,1.2,51.1,55.4,0
52,Al Horford,891,32.4,13.9,5.8,11.3,51.6,0.6,1.7,36,1.7,2.2,75.7,2.1,6.2,8.2,3.3,0.8,1.2,1.6,54.3,56.8,0
53,Eric Bledsoe,713,28,13.9,5,10.9,45.2,1.1,3.4,33.5,2.9,3.7,78.6,0.8,3.2,3.9,4.7,1.4,0.5,2.5,50.4,55.4,0
54,Tim Hardaway Jr.,556,26.9,13.9,4.9,11.4,42.4,2.1,5.9,36,2,2.5,81.4,0.3,2.4,2.8,1.9,0.6,0.1,1.1,51.7,55.3,0
55,Goran Dragic,871,27.9,13.9,5.1,11,46.1,1.2,3.4,36.4,2.5,3.2,76.7,0.7,2.4,3.1,4.8,1,0.2,2.3,51.8,55.9,0
56,Paul Millsap,1064,28.4,13.6,5.1,10.4,49,0.5,1.5,34.2,2.9,3.9,73.6,2.2,5,7.1,2.2,1.2,1,1.7,51.4,56,0
57,Hassan Whiteside,458,25.5,13.1,5.5,9.4,58.1,0,0.1,30.8,2.1,3.5,60.5,3.2,8,11.2,0.7,0.6,2.3,1.6,58.2,59.7,0
58,Thaddeus Young,1042,29.8,13,5.6,11.2,50.2,0.5,1.4,33.1,1.3,2,66.6,2,3.9,5.9,1.9,1.4,0.4,1.5,52.3,54,0
59,Jonas Valanciunas,634,25.8,13,5.2,9.2,56.4,0.2,0.5,37,2.5,3.2,78.4,2.8,6.5,9.3,1.1,0.4,1,1.6,57.3,61.5,0
60,Jeff Green,988,29.2,12.8,4.6,10.4,44.4,1.1,3.1,33.9,2.5,3.1,80.4,0.9,3.5,4.3,1.6,0.7,0.5,1.4,49.5,54.3,0
61,Myles Turner,402,28.6,12.8,4.8,9.8,48.8,0.9,2.5,35.8,2.3,2.9,76.7,1.4,5.3,6.7,1.2,0.7,2.3,1.3,53.4,57.3,0
62,Aaron Gordon,465,28.5,12.7,4.8,10.6,45.1,1.1,3.4,32.1,2,2.9,69.6,1.6,4.7,6.3,2.5,0.8,0.7,1.5,50.3,53.4,0
63,Reggie Jackson,639,25.1,12.7,4.7,11,42.8,1.3,3.7,34.9,2,2.3,85.6,0.5,2.4,3,4.2,0.7,0.1,1.8,48.6,52.8,0
64,Clint Capela,410,26.7,12.6,5.5,8.8,62.3,0,0,0,1.7,3.2,53.4,3.5,7,10.5,0.9,0.7,1.6,1.2,62.3,62.1,0
65,Serge Ibaka,851,28.3,12.5,5.2,10.1,51.3,0.7,1.9,35.8,1.4,1.9,75.9,2.1,5.2,7.3,0.8,0.4,2,1.3,54.7,57.1,0
66,Marcus Morris Sr.,666,26.9,12.2,4.5,10.2,43.5,1.6,4.1,37.8,1.7,2.2,76.3,0.9,3.7,4.6,1.5,0.7,0.3,1.2,51.2,54.3,0
67,Rudy Gobert,557,29.7,12.1,4.5,6.9,64.7,0,0,0,3.2,5,63.1,3.3,8.1,11.4,1.3,0.7,2.2,1.6,64.7,66.4,0
68,Robert Covington,479,30.3,11.9,4,9.9,40.5,2.3,6.3,35.9,1.7,2,81.1,0.9,4.9,5.8,1.5,1.6,0.9,1.6,52,55.4,0
69,Gary Harris,414,28.7,11.8,4.4,9.8,44.9,1.4,4,35.7,1.5,1.9,80.5,0.6,1.9,2.5,2.1,1.2,0.2,1.2,52.1,55.2,0
70,Kelly Oubre Jr.,417,25,11.6,4.2,9.6,43.3,1.3,4,33,2,2.6,76.2,0.9,3.5,4.4,1,0.9,0.5,1.1,50.1,54,0
71,Andre Iguodala,1202,32.4,11.5,4.2,9,46.3,0.9,2.7,33.2,2.3,3.3,70.9,0.9,4,5,4.2,1.5,0.5,1.8,51.3,55.4,0
72,Terry Rozier,413,24.9,11.5,4.1,10.2,40.8,1.8,4.8,37.3,1.4,1.8,81.6,0.6,3.2,3.8,2.9,0.9,0.2,1.2,49.7,52.8,0
73,Enes Kanter,715,22,11.5,4.7,8.6,54.8,0.1,0.2,28.6,2,2.6,77.6,3,4.9,7.9,0.9,0.4,0.5,1.5,55.2,59,0
74,Avery Bradley,610,27.9,11.4,4.6,10.5,43.4,1.3,3.6,36.3,0.9,1.2,78,0.6,2.3,2.9,1.8,1,0.2,1.4,49.6,51.5,0
75,Will Barton,564,25.3,11.3,4.2,9.7,43.4,1.2,3.5,35.3,1.7,2.2,78.5,0.7,3.5,4.2,2.6,0.8,0.4,1.4,49.8,53.3,0
76,Kentavious CaldwellNaNPope,617,29.1,11.3,4.1,9.7,41.8,1.7,4.6,35.6,1.6,2,80.3,0.6,2.5,3.1,1.7,1.1,0.2,1,50.4,53.7,0
77,Terrence Ross,619,25,11.3,4.1,9.9,41.9,1.9,5.2,36.6,1.2,1.4,83.3,0.4,2.5,2.9,1.2,0.9,0.3,1,51.4,54,0
78,Nicolas Batum,866,31,11.3,4,9.2,43.7,1.6,4.4,36.2,1.7,2,83.9,1,4.2,5.2,3.6,1,0.6,1.7,52.4,56.1,0
79,Rodney Hood,404,25.7,11.2,4.1,9.6,42.1,1.5,4.2,36.8,1.5,1.8,84.1,0.4,2.4,2.7,1.7,0.7,0.2,1,50.1,53.6,0
80,Joe Harris,413,25.6,11.1,4.1,8.4,48.3,2.1,4.8,43.9,0.9,1.1,78,0.6,2.7,3.2,1.6,0.5,0.2,1.2,60.9,62.4,0
81,Ricky Rubio,644,30.3,11.1,3.6,9.2,39.1,0.9,2.8,32.8,3,3.5,84.3,0.6,3.5,4.1,7.6,1.8,0.1,2.6,44,51.5,0
82,George Hill,828,27.5,11,3.9,8.5,45.7,1.2,3.2,38.4,2,2.5,80.4,0.6,2.5,3.1,3.2,0.9,0.3,1.2,52.9,57.2,0
83,Markieff Morris,708,24.9,11,4.2,9.5,44.6,0.9,2.5,34.1,1.7,2.1,77.7,1.2,4,5.2,1.6,0.8,0.5,1.5,49.1,52.6,0
84,Otto Porter Jr.,452,26.3,10.8,4.2,8.7,47.9,1.3,3.3,40.3,1.1,1.4,79.4,1.1,3.8,4.9,1.5,1.1,0.4,0.8,55.6,57.9,0
85,Jerami Grant,518,25.6,10.8,3.8,8.3,45.5,1,2.8,34.7,2.3,3.3,70.8,0.9,3,3.9,1.3,0.6,1.1,1.1,51.4,55.7,0
86,Elfrid Payton,455,28.4,10.8,4.5,9.9,45,0.4,1.4,28.8,1.5,2.3,62.9,1.1,3.1,4.3,6.1,1.2,0.3,2.3,47.1,49.4,0
87,Derrick Favors,761,24.6,10.8,4.4,8.3,53.4,0,0.2,20.8,1.9,2.9,66.4,2.5,4.7,7.2,1.1,0.7,1.2,1.3,53.7,56.6,0
88,Trevor Ariza,1094,29.7,10.5,3.7,8.9,42.3,1.4,4.1,35.2,1.6,2.1,73.2,1,3.8,4.8,2.1,1.5,0.3,1.3,50.4,53.6,0
89,Alec Burks,557,22.1,10.4,3.6,8.4,42.2,0.9,2.5,37.5,2.4,3,79.5,0.6,2.7,3.3,1.9,0.7,0.2,1.2,47.8,53.5,0
90,Jeremy Lamb,527,21.1,10.4,3.8,8.6,44.3,1.1,3.1,34.6,1.7,1.9,86.1,0.5,3.2,3.7,1.6,0.7,0.4,0.8,50.4,54.7,0
91,Marcus Smart,460,29.5,10.2,3.4,9,37.5,1.5,4.7,31.9,1.9,2.5,77.6,0.9,2.7,3.6,4.2,1.6,0.4,1.7,46,50.5,0
92,Kelly Olynyk,580,22.2,10.2,3.7,7.7,47.7,1.2,3.3,36.6,1.6,2,77.8,1.2,3.9,5.1,2,0.8,0.5,1.5,55.6,59,0
93,Trey Burke,460,21.7,10,3.8,9.3,41.1,1.2,3.4,34.6,1.1,1.4,80.9,0.3,1.5,1.8,3.2,0.6,0.1,1.2,47.4,50.2,0
94,Rajon Rondo,926,30.2,9.9,4.1,9.1,45.7,0.5,1.4,32.2,1.2,1.9,60.9,1,3.6,4.6,8,1.6,0.1,2.7,48.2,50,0
95,D.J. Augustin,932,23.7,9.7,3.1,7.6,41.2,1.3,3.4,38,2.1,2.4,86.7,0.3,1.6,1.9,3.9,0.6,0,1.5,49.7,55.7,0
96,Jae Crowder,679,25,9.6,3.3,7.9,41.9,1.5,4.4,34.6,1.5,1.9,77.7,0.7,3.5,4.2,1.6,1,0.3,0.9,51.6,55.1,0
97,Steven Adams,600,26.9,9.5,4,6.7,58.9,0,0,7.7,1.6,2.9,55,3.5,4.3,7.7,1.3,0.9,1,1.4,58.9,59.5,0
98,DeAndre Jordan,944,27.3,9.3,3.8,5.6,67.5,0,0,8.3,1.8,3.7,47.5,3.1,7.4,10.5,1,0.6,1.6,1.4,67.5,64.4,0
99,Taj Gibson,852,24.9,9.3,3.8,7.4,51.8,0,0.2,21.3,1.5,2.2,71,2.3,3.9,6.2,1,0.6,1.1,1.1,52,55.3,0
100,Tristan Thompson,681,27.6,9.2,3.7,7.2,51.8,0,0.1,25.7,1.8,2.9,61,3.4,5.2,8.6,1,0.5,0.7,1.2,51.9,54.6,0
101,Doug McDermott,485,20.6,9,3.4,7.1,47.8,1.3,3.2,41,0.9,1,82.1,0.4,1.9,2.3,0.9,0.2,0.1,0.6,57,59.2,0
102,Austin Rivers,598,24.2,9,3.3,8,41.7,1.1,3.2,34.8,1.2,1.9,64.6,0.3,1.8,2.1,2.3,0.7,0.2,1.1,48.7,51,0
103,Patty Mills,752,19.9,8.9,3.2,7.5,42.8,1.7,4.3,38.8,0.9,1,85.8,0.3,1.4,1.7,2.3,0.6,0.1,1,53.9,56.4,0
104,Danny Green,767,25.6,8.9,3.2,7.5,42.3,1.9,4.8,40.1,0.7,0.8,80.5,0.6,2.9,3.5,1.6,1,0.8,1,55.2,56.9,0
105,Ben McLemore,495,22.8,8.8,3.1,7.6,41.6,1.5,4,36.3,1.1,1.4,77.6,0.4,1.9,2.4,1,0.6,0.2,1.1,51.2,54,0
106,Willie CauleyNaNStein,414,22.3,8.8,3.7,6.9,54.4,0,0.1,16.1,1.4,2.2,61.2,1.7,4.3,5.9,1.4,0.8,0.8,0.9,54.5,56.4,0
107,Patrick Beverley,477,27.6,8.8,3.1,7.4,41.6,1.6,4.2,38.2,1,1.3,76.2,1.1,3.2,4.3,3.4,1.1,0.5,1.3,52.3,54.7,0
108,Robin Lopez,908,22,8.8,3.7,6.8,53.6,0.1,0.2,29.3,1.4,1.9,74.7,2.3,2.7,4.9,0.8,0.2,1.1,1.1,54,57.3,0
109,Draymond Green,651,28.5,8.8,3.2,7.3,43.8,0.9,2.7,31.6,1.5,2.1,71.1,1.1,5.8,6.9,5.4,1.4,1,2.2,49.6,53.2,0
110,Joe Ingles,557,25.7,8.7,3.1,6.8,45.3,1.8,4.4,41.4,0.7,0.9,76.9,0.3,2.9,3.3,3.8,0.9,0.2,1.6,58.7,60.3,0
111,Cody Zeller,480,22.5,8.6,3.2,6.3,51.9,0.1,0.3,22.1,2.1,2.8,72.9,2,4,6,1.4,0.7,0.7,1.1,52.5,57.5,0
112,Kent Bazemore,631,21.1,8.5,3,7.3,41.5,1.1,3,35.5,1.4,1.9,72.4,0.4,2.9,3.2,1.8,1,0.5,1.4,48.8,52.2,0
113,Mason Plumlee,602,22.2,8.5,3.3,5.8,57.9,0,0.1,5.1,1.8,3.1,56.7,2,4.5,6.5,2.4,0.8,0.9,1.5,57.9,59.2,0
114,Justin Holiday,515,24.2,8.5,3,7.4,39.8,1.6,4.4,36.3,0.9,1.2,82.2,0.4,2.6,3,1.5,1,0.4,0.9,50.6,53.4,0
115,Wayne Ellington,732,21,8.1,2.9,7.2,41,1.6,4.1,38.2,0.7,0.8,84.4,0.3,1.8,2.2,1.1,0.5,0.1,0.7,51.9,54,0
116,JaMychal Green,432,21.3,8,3,6.4,47,0.8,2.2,37.4,1.1,1.5,77.1,1.7,4.1,5.9,0.9,0.6,0.4,1.1,53.4,56.6,0
117,E'Twaun Moore,598,21,7.9,3.2,7.1,45.5,0.9,2.4,38.8,0.6,0.8,74.2,0.5,1.5,2,1.8,0.7,0.2,0.9,52.1,53.5,0
118,James Johnson,690,20.6,7.9,3.1,6.5,47.4,0.5,1.7,30.4,1.2,1.7,68.6,0.8,2.8,3.6,2.1,0.8,0.9,1.4,51.4,54.1,0
119,JaVale McGee,758,17.1,7.9,3.4,5.9,57.2,0,0.1,17.5,1.1,1.9,59.5,1.9,3.3,5.2,0.4,0.4,1.5,1,57.3,58.6,0
120,Alex Len,539,19.1,7.8,3,5.9,50.6,0.2,0.6,33.3,1.6,2.3,68.6,1.9,4,6,0.8,0.4,1,1.2,52.3,56.1,0
121,Ish Smith,666,20.1,7.7,3.3,7.6,43,0.4,1.3,32.2,0.7,1.1,67.6,0.4,2.1,2.5,3.9,0.7,0.2,1.2,45.7,47.5,0
122,Gorgui Dieng,566,21.2,7.7,2.9,5.8,49.9,0.3,0.7,35.5,1.6,2,79.1,1.8,4.2,5.9,1.3,0.8,0.9,1.1,52.2,57.2,0
123,Udonis Haslem,862,25,7.6,3.1,6.3,49,0,0.1,8.5,1.4,1.9,75.5,1.9,4.8,6.7,0.8,0.5,0.3,0.9,49,53.3,0
124,Nerlens Noel,429,22.4,7.5,3.1,5.7,55,0,0,20,1.3,2,65.5,2,4.2,6.2,1.1,1.3,1.5,1.3,55,57.6,0
125,Dwight Powell,441,18.6,7.5,2.8,4.8,57,0.3,0.9,29.2,1.7,2.3,74.2,1.5,3.1,4.5,1,0.7,0.5,0.7,59.6,63.9,0
126,P.J. Tucker,718,29.1,7.1,2.6,6.1,42,1,2.9,35.9,0.9,1.2,74.9,1.5,4.1,5.7,1.4,1.2,0.3,1,50.4,53.3,0
127,Cory Joseph,674,21.9,7,2.7,6.2,44.4,0.5,1.5,33.3,1,1.3,77.5,0.5,2,2.6,2.9,0.8,0.2,1,48.5,51.9,0
128,Maurice Harkless,586,22.9,7,2.8,5.8,47.4,0.6,1.9,31.9,0.8,1.4,62.2,1.1,2.5,3.6,0.9,1,0.7,0.8,52.6,54.3,0
129,T.J. McConnell,467,22.2,6.9,3.1,6.1,50.6,0.2,0.7,33.3,0.5,0.6,75.8,0.5,2.4,3,5,1.3,0.2,1.6,52.6,54.1,0
130,Kyle Anderson,448,20.9,6.6,2.6,5.3,47.9,0.4,1.2,33.9,1,1.4,72.4,0.7,3.6,4.3,2.3,1,0.6,0.9,51.9,55.1,0
131,Garrett Temple,643,21.7,6.5,2.3,5.7,40.4,1,2.9,34.7,0.8,1.1,74.5,0.4,1.9,2.4,1.8,0.8,0.3,0.9,49.1,52,0
132,Dewayne Dedmon,422,17.9,6.4,2.5,4.9,52.3,0.4,1.1,33.4,1,1.3,73.4,1.6,4.4,6,0.7,0.5,0.8,1,56.2,59,0
133,Tony Snell,555,22.2,6.3,2.3,5.3,43.3,1.2,3.1,39.7,0.5,0.6,84.4,0.3,2,2.3,1.2,0.5,0.2,0.6,55,56.8,0
134,Ed Davis,694,19.5,6.1,2.5,4.5,56.6,0,0,0,1.1,1.8,58.5,2.3,4.3,6.6,0.8,0.5,0.8,0.8,56.6,58.1,0
135,Solomon Hill,440,21.8,5.6,1.9,4.9,38.9,0.8,2.5,33.3,0.9,1.2,79.7,0.6,2.5,3.2,1.5,0.7,0.2,0.9,47.2,51.3,0
1,Chris Paul,"1,115",38566,20338,7164,15167,47.2,1506,4063,37.1,4504,5166,87.2,699,4322,5021,10530,2381,161,2680,52.2,58.3,0
2,LeBron James,"1,325",50605,35757,13051,25900,50.4,2020,5856,34.5,7635,10406,73.4,1548,8290,9838,9799,2092,994,4646,54.3,58.7,0
3,Andre Iguodala,"1,204",39043,13872,4993,10777,46.3,1068,3218,33.2,2818,3977,70.9,1102,4870,5972,5059,1743,618,2212,51.3,55.4,0
4,Russell Westbrook,970,33719,22384,7971,18211,43.8,1099,3592,30.6,5343,6782,78.8,1615,5555,7170,8292,1656,299,4018,46.8,52.8,0
5,Trevor Ariza,"1,094",32494,11497,4102,9705,42.3,1585,4505,35.2,1708,2332,73.2,1071,4203,5274,2352,1615,349,1462,50.4,53.6,0
6,Thaddeus Young,"1,053",31221,13653,5889,11727,50.2,498,1507,33,1377,2069,66.6,2127,4078,6205,1949,1500,436,1554,52.3,54,0
7,Rajon Rondo,932,28081,9198,3838,8403,45.7,425,1321,32.2,1097,1800,60.9,903,3372,4275,7464,1499,122,2541,48.2,50,0
8,James Harden,903,31140,22587,6667,15040,44.3,2509,6918,36.3,6744,7851,85.9,710,4290,5000,5980,1403,493,3385,52.7,61.1,0
9,Stephen Curry,786,26971,19093,6554,13784,47.5,2964,6860,43.2,3021,3328,90.8,535,3099,3634,5136,1324,175,2467,58.3,62.6,0
10,Paul Millsap,"1,073",30358,14493,5437,11119,48.9,539,1578,34.2,3080,4183,73.6,2327,5309,7636,2370,1322,1039,1820,51.3,55.9,0
11,Kyle Lowry,984,31302,14592,4686,11058,42.4,1876,5124,36.6,3344,4115,81.3,783,3517,4300,6183,1308,289,2326,50.9,56.7,0
12,Mike Conley,909,29207,13554,4813,10919,44.1,1381,3613,38.2,2547,3102,82.1,416,2284,2700,5145,1294,183,1819,50.4,55.2,0
13,Paul George,730,24525,14874,5066,11628,43.6,1825,4789,38.1,2917,3438,84.8,642,4055,4697,2595,1246,320,1964,51.4,56.6,0
14,Carmelo Anthony,"1,218",42471,27736,9923,22205,44.7,1647,4636,35.5,6243,7673,81.4,1944,5687,7631,3378,1196,607,3016,48.4,54.2,0
15,Rudy Gay,"1,020",32917,17017,6444,14188,45.4,1107,3151,35.1,3022,3783,79.9,1368,4568,5936,2179,1191,763,2172,49.3,53.7,0
16,Jrue Holiday,793,26284,12695,5016,10982,45.7,1075,3003,35.8,1588,2045,77.7,705,2453,3158,5045,1187,413,2149,50.6,53.4,0
17,Ricky Rubio,658,19933,7304,2374,6100,38.9,605,1853,32.6,1951,2315,84.3,416,2312,2728,4992,1181,85,1719,43.9,51.3,0
18,Jimmy Butler,651,21540,11414,3712,8075,46,535,1647,32.5,3455,4121,83.8,997,2429,3426,2618,1072,301,1036,49.3,57.7,0
19,Dwight Howard,"1,206",38841,19232,6960,11865,58.7,20,96,20.8,5292,9353,56.6,4070,10331,14401,1652,1065,2207,3278,58.7,60.2,0
20,John Wall,613,21833,11702,4235,9833,43.1,618,1912,32.3,2614,3355,77.9,347,2265,2612,5557,1018,427,2332,46.2,51.7,0
21,Kawhi Leonard,576,18025,11085,3986,8080,49.3,865,2251,38.4,2248,2620,85.8,696,2993,3689,1672,1013,367,933,54.7,60,0
22,Eric Bledsoe,728,20346,10051,3579,7914,45.2,823,2457,33.5,2070,2633,78.6,561,2296,2857,3410,994,336,1824,50.4,55.4,0
23,Kevin Durant,908,33333,24567,8388,16934,49.5,1696,4421,38.4,6095,6908,88.2,642,5779,6421,3811,989,1005,2847,54.5,61.5,0
24,Lou Williams,"1,088",26588,15370,4970,11852,41.9,1433,4083,35.1,3997,4751,84.1,421,2009,2430,3710,936,191,1871,48,55.1,0
25,Draymond Green,663,18909,5807,2122,4827,44,562,1781,31.6,1001,1410,71,732,3875,4607,3595,927,685,1450,49.8,53.3,0
26,Andre Drummond,670,20341,9514,4006,7461,53.7,15,112,13.4,1487,3152,47.2,3103,5979,9082,922,922,1015,1341,53.8,53.8,0
27,Kemba Walker,722,24159,14193,4902,11704,41.9,1628,4507,36.1,2761,3287,84,403,2347,2750,3843,914,278,1546,48.8,54,0
28,DeMar DeRozan,905,30893,18384,6586,14270,46.2,380,1342,28.3,4832,5788,83.5,667,3295,3962,3453,889,265,1854,47.5,54.7,0
29,Wesley Matthews,853,26400,10682,3647,8657,42.1,1731,4572,37.9,1657,2012,82.4,426,2078,2504,1751,868,173,1029,52.1,56,0
30,Goran Dragic,872,24326,12086,4420,9577,46.2,1086,2987,36.4,2160,2815,76.7,616,2068,2684,4177,849,160,1968,51.8,55.9,0
31,P.J. Tucker,732,21267,5174,1875,4445,42.2,756,2094,36.1,668,891,75,1118,3027,4145,1050,848,232,718,50.7,53.5,0
32,DeMarcus Cousins,611,18853,12397,4420,9620,45.9,390,1173,33.2,3167,4298,73.7,1623,4792,6415,1914,843,721,2070,48,53.8,0
33,Nicolas Batum,871,26968,9795,3486,7979,43.7,1389,3842,36.2,1434,1710,83.9,892,3639,4531,3137,833,549,1514,52.4,56.1,0
34,Danny Green,776,19845,6917,2447,5789,42.3,1496,3732,40.1,527,654,80.6,478,2225,2703,1229,811,611,791,55.2,56.9,0
35,Anthony Davis,589,20297,14063,5244,10196,51.4,289,946,30.5,3286,4128,79.6,1486,4536,6022,1367,807,1377,1148,52.8,58.5,0
36,Robert Covington,492,14824,5790,1945,4806,40.5,1103,3080,35.8,797,982,81.2,445,2408,2853,741,785,461,770,51.9,55.3,0
37,Kyrie Irving,582,19713,13293,4895,10418,47,1271,3248,39.1,2232,2534,88.1,459,1753,2212,3337,775,224,1524,53.1,57.6,0
38,Marcus Smart,475,14081,4864,1616,4293,37.6,712,2242,31.8,920,1185,77.6,407,1289,1696,2040,759,180,831,45.9,50.5,0
39,George Hill,837,23014,9149,3242,7090,45.7,1013,2646,38.3,1652,2052,80.5,500,2071,2571,2632,756,224,1039,52.9,57.2,0
40,LaMarcus Aldridge,"1,053",35758,20285,8204,16666,49.2,223,693,32.2,3654,4503,81.1,2736,5879,8615,2056,754,1168,1614,49.9,54.4,0
41,Victor Oladipo,454,14969,7955,2923,6676,43.8,729,2101,34.7,1380,1745,79.1,270,1824,2094,1796,743,217,1163,49.2,53.4,0
42,Khris Middleton,604,19145,10157,3700,8067,45.9,1096,2787,39.3,1661,1890,87.9,371,2543,2914,2199,739,108,1231,52.7,57.1,0
43,Al Horford,904,29270,12571,5262,10199,51.6,549,1527,36,1498,1976,75.8,1862,5563,7425,2993,731,1070,1398,54.3,56.8,0
44,Giannis Antetokounmpo,613,19933,12982,4733,8895,53.2,404,1403,28.8,3112,4354,71.5,1034,4620,5654,2769,719,805,1744,55.5,60,0
45,Bradley Beal,628,21807,13822,5030,11035,45.6,1405,3771,37.3,2357,2870,82.1,544,2017,2561,2568,711,243,1506,51.9,56.2,0
46,Gordon Hayward,713,22239,11170,3853,8508,45.3,983,2660,37,2481,3005,82.6,544,2670,3214,2508,703,292,1406,51.1,56.8,0
47,Kentavious Caldwell-Pope,632,18405,7190,2569,6129,41.9,1056,2954,35.7,996,1236,80.6,397,1582,1979,1049,699,136,635,50.5,53.9,0
48,Jeff Green,"1,001",29232,12761,4622,10388,44.5,1055,3104,34,2462,3063,80.4,878,3470,4348,1557,698,525,1432,49.6,54.4,0
49,Damian Lillard,702,25492,17244,5649,12913,43.7,2106,5650,37.3,3840,4297,89.4,420,2515,2935,4670,678,218,1964,51.9,58.2,0
50,Jae Crowder,693,17377,6662,2288,5468,41.8,1068,3086,34.6,1018,1311,77.7,486,2424,2910,1093,673,236,607,51.6,55.1,0
51,Kent Bazemore,637,13356,5362,1912,4613,41.4,679,1911,35.5,859,1186,72.4,230,1810,2040,1135,649,305,892,48.8,52.2,0
52,Eric Gordon,714,23243,11814,4014,9413,42.6,1673,4528,36.9,2113,2609,81,288,1451,1739,2030,626,253,1418,51.5,55.9,0
53,Avery Bradley,622,17292,7026,2820,6496,43.4,808,2218,36.4,578,740,78.1,378,1410,1788,1076,621,124,843,49.6,51.5,0
54,T.J. McConnell,478,10619,3271,1461,2898,50.4,110,338,32.5,239,312,76.6,259,1167,1426,2388,609,93,765,52.3,53.9,0
55,Nikola Vucevic,687,21080,11558,4972,10074,49.4,483,1355,35.6,1131,1501,75.3,1778,5351,7129,1870,598,624,1187,51.8,53.8,0
56,Blake Griffin,686,23239,14084,5260,10656,49.4,486,1484,32.7,3078,4424,69.6,1401,4412,5813,2923,594,346,1688,51.6,55.9,0
57,Markieff Morris,708,17613,7770,2996,6718,44.6,602,1765,34.1,1176,1514,77.7,866,2831,3697,1144,575,369,1078,49.1,52.6,0
58,Derrick Favors,770,18862,8263,3378,6325,53.4,38,185,20.5,1469,2216,66.3,1904,3618,5522,834,569,930,992,53.7,56.6,0
59,Elfrid Payton,461,12960,4930,2039,4537,44.9,186,646,28.8,666,1058,62.9,508,1435,1943,2791,568,146,1045,47,49.3,0
60,Maurice Harkless,591,13487,4109,1628,3438,47.4,356,1121,31.8,497,799,62.2,649,1482,2131,558,562,383,497,52.5,54.2,0
61,Klay Thompson,615,20338,11995,4512,9822,45.9,1798,4290,41.9,1173,1384,84.8,273,1857,2130,1416,561,332,1053,55.1,57.5,0
62,D.J. Augustin,942,22245,9056,2928,7114,41.2,1213,3193,38,1987,2292,86.7,284,1476,1760,3706,555,31,1398,49.7,55.7,0
63,Garrett Temple,658,14174,4225,1507,3738,40.3,660,1902,34.7,551,740,74.5,277,1276,1553,1143,554,226,619,49.1,52,0
63,Nerlens Noel,437,9800,3268,1349,2457,54.9,2,12,16.7,568,865,65.7,869,1848,2717,478,554,656,572,54.9,57.6,0
65,Patrick Beverley,486,13393,4273,1509,3621,41.7,769,2023,38,486,638,76.2,555,1523,2078,1652,550,235,615,52.3,54.8,0
66,James Johnson,702,14428,5506,2174,4580,47.5,360,1182,30.5,798,1168,68.3,564,1963,2527,1483,548,619,993,51.4,54,0
67,Steven Adams,614,16465,5811,2412,4099,58.8,1,13,7.7,986,1790,55.1,2138,2632,4770,796,545,587,880,58.9,59.5,0
68,Nikola Jokic,473,14198,8881,3423,6388,53.6,471,1356,34.7,1564,1884,83,1236,3468,4704,2841,542,327,1247,57.3,61.5,0
69,Cory Joseph,687,15065,4788,1865,4210,44.3,350,1055,33.2,708,911,77.7,347,1407,1754,2032,540,155,714,48.5,51.9,0
70,Andrew Wiggins,550,19367,10725,3979,8895,44.7,734,2123,34.6,2033,2782,73.1,683,1751,2434,1274,539,361,1120,48.9,53,0
71,Terrence Ross,632,15802,7151,2609,6238,41.8,1192,3267,36.5,741,889,83.4,220,1580,1800,776,536,213,620,51.4,53.9,0
72,Joe Ingles,570,14653,4973,1762,3885,45.4,1044,2519,41.4,405,527,76.9,189,1669,1858,2141,534,88,908,58.8,60.4,0
73,DeAndre Jordan,953,25858,8826,3573,5301,67.4,1,12,8.3,1679,3535,47.5,2952,7050,10002,919,533,1483,1312,67.4,64.4,0
74,Otto Porter Jr.,463,12111,4986,1922,4021,47.8,628,1557,40.3,514,648,79.3,520,1772,2292,697,521,194,370,55.6,57.9,0
75,Danilo Gallinari,685,20604,10775,3267,7650,42.7,1349,3524,38.3,2892,3300,87.6,479,2817,3296,1344,520,256,857,51.5,59.2,0
76,Tobias Harris,697,21662,11381,4342,9141,47.5,922,2521,36.6,1775,2146,82.7,700,3603,4303,1533,517,363,988,52.5,56.4,0
76,Derrick Rose,669,21234,12197,4771,10443,45.7,551,1751,31.5,2104,2534,83,537,1695,2232,3632,517,235,1689,48.3,52.8,0
78,Evan Fournier,591,16849,8426,3029,6760,44.8,1116,2939,38,1252,1556,80.5,246,1388,1634,1547,515,83,970,53.1,56.6,0
79,Justin Holiday,525,12739,4483,1566,3925,39.9,857,2355,36.4,494,603,81.9,198,1377,1575,770,514,229,459,50.8,53.5,0
80,Kevin Love,757,23808,13514,4451,10094,44.1,1316,3554,37,3296,3972,83,2010,6258,8268,1798,507,329,1470,50.6,57.1,0
81,Gary Harris,427,12256,5006,1875,4179,44.9,609,1712,35.6,647,805,80.4,264,820,1084,890,502,94,518,52.2,55.2,0
82,Patty Mills,765,15418,6921,2477,5767,43,1298,3323,39.1,669,779,85.9,236,1041,1277,1770,497,63,746,54.2,56.6,0
83,Brook Lopez,856,25922,14094,5385,10897,49.4,635,1865,34,2689,3380,79.6,1757,3602,5359,1239,496,1518,1469,52.3,56.9,0
84,Harrison Barnes,691,21898,9686,3526,7796,45.2,901,2386,37.8,1733,2159,80.3,710,2821,3531,1239,489,131,853,51,55.4,0
85,Dennis Schroder,583,15479,8394,3140,7194,43.6,676,2006,33.7,1438,1724,83.4,249,1460,1709,2739,486,75,1403,48.3,52.8,0
86,Taj Gibson,856,21253,7896,3280,6337,51.8,29,136,21.3,1307,1840,71,1973,3331,5304,856,485,901,974,52,55.2,0
87,CJ McCollum,552,17329,10465,4011,8854,45.3,1263,3179,39.7,1180,1437,82.1,346,1525,1871,1836,482,218,946,52.4,55.2,0
88,Ish Smith,672,13475,5141,2189,5091,43,279,864,32.3,484,717,67.5,240,1433,1673,2599,479,167,835,45.7,47.5,0
89,Marcus Morris Sr.,674,18183,8220,3005,6907,43.5,1061,2803,37.9,1149,1505,76.3,625,2471,3096,993,465,190,802,51.2,54.3,0
89,Jordan Clarkson,546,14673,8319,3160,7194,43.9,951,2799,34,1048,1268,82.6,451,1325,1776,1381,465,78,901,50.5,53.7,0
91,Mason Plumlee,608,13499,5143,2033,3509,57.9,2,39,5.1,1075,1900,56.6,1236,2722,3958,1440,459,560,910,58,59.2,0
92,Gorgui Dieng,574,12073,4370,1657,3316,50,153,430,35.6,903,1142,79.1,1010,2368,3378,765,458,528,646,52.3,57.2,0
93,Kyle Anderson,458,9570,3017,1177,2457,47.9,195,577,33.8,468,645,72.6,328,1638,1966,1038,451,265,432,51.9,55,0
94,Kelly Olynyk,580,12874,5906,2141,4487,47.7,708,1933,36.6,916,1178,77.8,682,2281,2963,1160,448,272,847,55.6,59,0
95,Reggie Jackson,654,16534,8368,3113,7289,42.7,852,2455,34.7,1290,1512,85.3,345,1598,1943,2767,447,76,1206,48.6,52.6,0
96,Will Barton,575,14623,6579,2440,5629,43.3,730,2059,35.5,969,1236,78.4,426,2006,2432,1526,442,238,815,49.8,53.3,0
97,Austin Rivers,606,14676,5408,2004,4808,41.7,680,1954,34.8,720,1116,64.5,205,1066,1271,1362,424,104,665,48.8,51,0
98,Udonis Haslem,864,21592,6533,2648,5408,49,5,59,8.5,1232,1631,75.5,1608,4153,5761,730,422,250,804,49,53.3,0
99,Kelly Oubre Jr.,431,10883,5106,1837,4217,43.6,594,1781,33.4,838,1105,75.8,400,1490,1890,436,402,210,460,50.6,54.3,0
100,Tyus Jones,408,7342,2359,911,2108,43.2,243,705,34.5,294,357,82.4,91,599,690,1476,401,33,300,49,52.1,0
101,Wayne Ellington,746,15673,6030,2177,5310,41,1171,3062,38.2,505,598,84.4,231,1361,1592,833,397,63,497,52,54.1,0
102,Jeremy Lamb,538,11250,5538,2038,4610,44.2,569,1647,34.5,893,1035,86.3,284,1688,1972,847,396,203,441,50.4,54.7,0
103,Zach LaVine,437,13801,8501,3065,6663,46,918,2389,38.4,1453,1759,82.6,208,1496,1704,1667,395,131,1168,52.9,57.2,0
103,E'Twaun Moore,598,12564,4743,1927,4236,45.5,556,1432,38.8,333,449,74.2,282,926,1208,1055,395,131,534,52.1,53.5,0
105,Rudy Gobert,570,16974,6937,2566,3954,64.9,0,8,0,1805,2855,63.2,1859,4660,6519,759,389,1275,935,64.9,66.6,0
106,Alec Burks,570,12719,6000,2037,4839,42.1,558,1483,37.6,1368,1717,79.7,333,1580,1913,1079,384,114,698,47.9,53.6,0
107,Terry Rozier,423,10607,4968,1786,4347,41.1,778,2079,37.4,618,756,81.7,268,1350,1618,1251,372,98,509,50,53.1,0
108,Serge Ibaka,860,24218,10644,4418,8613,51.3,579,1612,35.9,1229,1620,75.9,1829,4424,6253,709,362,1722,1139,54.7,57.1,0
109,Aaron Gordon,478,13717,6114,2306,5087,45.3,525,1631,32.2,977,1400,69.8,763,2253,3016,1180,361,310,697,50.5,53.6,0
110,Tim Hardaway Jr.,569,15379,7909,2770,6552,42.3,1209,3380,35.8,1160,1428,81.2,193,1396,1589,1057,354,80,604,51.5,55.1,0
111,Willie Cauley-Stein,420,9271,3675,1552,2853,54.4,6,32,18.8,565,923,61.2,694,1774,2468,597,349,335,384,54.5,56.4,0
112,Ed Davis,700,13632,4278,1769,3122,56.7,0,4,0,740,1265,58.5,1580,3001,4581,533,348,561,530,56.7,58.1,0
113,Tristan Thompson,691,18922,6359,2558,4934,51.8,9,35,25.7,1234,2029,60.8,2332,3603,5935,701,347,488,796,51.9,54.6,0
114,Karl-Anthony Towns,433,14856,9953,3702,7040,52.6,692,1741,39.7,1857,2228,83.3,1326,3641,4967,1299,343,608,1151,57.5,62,0
115,Devin Booker,430,14404,9883,3444,7570,45.5,845,2385,35.4,2150,2472,87,219,1407,1626,1993,340,107,1387,51.1,57.1,0
116,Julius Randle,472,14519,8252,3060,6359,48.1,373,1095,34.1,1759,2372,74.2,948,3411,4359,1608,331,214,1263,51.1,55.7,0
116,Jerami Grant,532,13751,5907,2041,4506,45.3,529,1529,34.6,1296,1808,71.7,484,1630,2114,698,331,593,583,51.2,55.7,0
118,Buddy Hield,413,11913,6600,2402,5573,43.1,1245,3106,40.1,551,640,86.1,301,1458,1759,1007,328,117,709,54.3,56.4,0
119,Cody Zeller,491,10938,4184,1578,3037,52,32,145,22.1,996,1363,73.1,987,1947,2934,689,319,321,520,52.5,57.5,0
120,Ben McLemore,503,11387,4424,1573,3781,41.6,733,2018,36.3,545,702,77.6,213,964,1177,512,318,96,559,51.3,54.1,0
121,JaVale McGee,772,13208,6118,2621,4567,57.4,11,59,18.6,865,1448,59.7,1453,2577,4030,331,313,1153,767,57.5,58.8,0
122,Bojan Bogdanovic,559,16140,8217,2852,6236,45.7,1114,2831,39.4,1399,1618,86.5,283,1702,1985,869,311,42,887,54.7,59.1,0
123,Solomon Hill,448,9654,2453,843,2175,38.8,362,1093,33.1,405,508,79.7,289,1110,1399,662,307,99,377,47.1,51.1,0
124,Dwight Powell,454,8425,3356,1238,2175,56.9,115,391,29.4,765,1031,74.2,675,1384,2059,457,299,217,305,59.6,63.8,0
125,Myles Turner,416,11938,5298,1995,4076,48.9,381,1066,35.7,927,1209,76.7,591,2192,2783,494,298,940,555,53.6,57.5,0
126,Clint Capela,423,11353,5330,2313,3714,62.3,0,3,0,704,1321,53.3,1492,2987,4479,407,297,658,502,62.3,62,0
127,Enes Freedom,729,15876,8291,3402,6215,54.7,45,157,28.7,1442,1858,77.6,2196,3554,5750,633,294,358,1066,55.1,58.9,0
128,Rodney Hood,416,10560,4552,1649,3929,42,628,1720,36.5,626,744,84.1,150,972,1122,712,293,75,417,50,53.5,0
129,Trey Burke,469,10101,4660,1794,4353,41.2,548,1579,34.7,524,647,81,160,694,854,1483,267,52,541,47.5,50.2,0
130,Nemanja Bjelica,403,8390,3143,1179,2534,46.5,466,1208,38.6,319,419,76.1,447,1409,1856,705,266,167,403,55.7,57.8,0
131,Jonas Valanciunas,649,16774,8531,3395,6030,56.3,129,341,37.8,1612,2061,78.2,1823,4239,6062,703,265,668,1020,57.4,61.5,0
132,Tony Snell,568,12513,3521,1279,2969,43.1,692,1753,39.5,271,321,84.4,158,1138,1296,653,254,132,314,54.7,56.6,0
132,Hassan Whiteside,469,11834,6078,2536,4362,58.1,8,26,30.8,998,1646,60.6,1492,3687,5179,307,254,1070,726,58.2,59.7,0
134,JaMychal Green,444,9404,3545,1336,2857,46.8,368,993,37.1,505,654,77.2,760,1821,2581,406,250,188,486,53.2,56.4,0
135,Montrezl Harrell,413,8906,5362,2172,3516,61.8,7,68,10.3,1011,1535,65.9,778,1428,2206,553,238,354,478,61.9,64,0
136,Dewayne Dedmon,436,7810,2777,1100,2102,52.3,163,482,33.8,414,563,73.5,691,1909,2600,301,234,360,424,56.2,59.1,0
137,Bobby Portis,403,8438,4308,1736,3708,46.8,385,1007,38.2,451,597,75.5,731,1806,2537,481,229,144,434,52,54.2,0
138,Alex Len,549,10439,4242,1629,3219,50.6,110,328,33.5,874,1277,68.4,1043,2206,3249,462,215,543,652,52.3,56.1,0
139,Robin Lopez,912,20098,8007,3346,6238,53.6,51,175,29.1,1264,1695,74.6,2070,2434,4504,751,214,1021,1001,54,57.3,0
140,Joe Harris,414,10603,4584,1676,3470,48.3,874,1991,43.9,358,459,78,238,1106,1344,679,204,80,477,60.9,62.4,0
141,Mike Muscala,408,6370,2475,893,1952,45.7,371,997,37.2,318,377,84.4,340,963,1303,366,139,195,252,55.3,58.4,0
142,Doug McDermott,493,10221,4466,1696,3549,47.8,653,1597,40.9,421,512,82.2,214,947,1161,455,103,48,312,57,59.2,0
1,Dwight Howard,"1,206",38841,19232,6960,11865,58.7,20,96,20.8,5292,9353,56.6,4070,10331,14401,1652,1065,2207,3278,58.7,60.2,0
2,Serge Ibaka,860,24218,10644,4418,8613,51.3,579,1612,35.9,1229,1620,75.9,1829,4424,6253,709,362,1722,1139,54.7,57.1,0
3,Brook Lopez,856,25922,14094,5385,10897,49.4,635,1865,34,2689,3380,79.6,1757,3602,5359,1239,496,1518,1469,52.3,56.9,0
4,DeAndre Jordan,953,25858,8826,3573,5301,67.4,1,12,8.3,1679,3535,47.5,2952,7050,10002,919,533,1483,1312,67.4,64.4,0
5,Anthony Davis,589,20297,14063,5244,10196,51.4,289,946,30.5,3286,4128,79.6,1486,4536,6022,1367,807,1377,1148,52.8,58.5,0
6,Rudy Gobert,570,16974,6937,2566,3954,64.9,0,8,0,1805,2855,63.2,1859,4660,6519,759,389,1275,935,64.9,66.6,0
7,LaMarcus Aldridge,"1,053",35758,20285,8204,16666,49.2,223,693,32.2,3654,4503,81.1,2736,5879,8615,2056,754,1168,1614,49.9,54.4,0
8,JaVale McGee,772,13208,6118,2621,4567,57.4,11,59,18.6,865,1448,59.7,1453,2577,4030,331,313,1153,767,57.5,58.8,0
9,Al Horford,904,29270,12571,5262,10199,51.6,549,1527,36,1498,1976,75.8,1862,5563,7425,2993,731,1070,1398,54.3,56.8,0
9,Hassan Whiteside,469,11834,6078,2536,4362,58.1,8,26,30.8,998,1646,60.6,1492,3687,5179,307,254,1070,726,58.2,59.7,0
11,Paul Millsap,"1,073",30358,14493,5437,11119,48.9,539,1578,34.2,3080,4183,73.6,2327,5309,7636,2370,1322,1039,1820,51.3,55.9,0
12,Robin Lopez,912,20098,8007,3346,6238,53.6,51,175,29.1,1264,1695,74.6,2070,2434,4504,751,214,1021,1001,54,57.3,0
13,Andre Drummond,670,20341,9514,4006,7461,53.7,15,112,13.4,1487,3152,47.2,3103,5979,9082,922,922,1015,1341,53.8,53.8,0
14,Kevin Durant,908,33333,24567,8388,16934,49.5,1696,4421,38.4,6095,6908,88.2,642,5779,6421,3811,989,1005,2847,54.5,61.5,0
15,LeBron James,"1,325",50605,35757,13051,25900,50.4,2020,5856,34.5,7635,10406,73.4,1548,8290,9838,9799,2092,994,4646,54.3,58.7,0
16,Myles Turner,416,11938,5298,1995,4076,48.9,381,1066,35.7,927,1209,76.7,591,2192,2783,494,298,940,555,53.6,57.5,0
17,Derrick Favors,770,18862,8263,3378,6325,53.4,38,185,20.5,1469,2216,66.3,1904,3618,5522,834,569,930,992,53.7,56.6,0
18,Taj Gibson,856,21253,7896,3280,6337,51.8,29,136,21.3,1307,1840,71,1973,3331,5304,856,485,901,974,52,55.2,0
19,Giannis Antetokounmpo,613,19933,12982,4733,8895,53.2,404,1403,28.8,3112,4354,71.5,1034,4620,5654,2769,719,805,1744,55.5,60,0
20,Rudy Gay,"1,020",32917,17017,6444,14188,45.4,1107,3151,35.1,3022,3783,79.9,1368,4568,5936,2179,1191,763,2172,49.3,53.7,0
21,DeMarcus Cousins,611,18853,12397,4420,9620,45.9,390,1173,33.2,3167,4298,73.7,1623,4792,6415,1914,843,721,2070,48,53.8,0
22,Draymond Green,663,18909,5807,2122,4827,44,562,1781,31.6,1001,1410,71,732,3875,4607,3595,927,685,1450,49.8,53.3,0
23,Jonas Valanciunas,649,16774,8531,3395,6030,56.3,129,341,37.8,1612,2061,78.2,1823,4239,6062,703,265,668,1020,57.4,61.5,0
24,Clint Capela,423,11353,5330,2313,3714,62.3,0,3,0,704,1321,53.3,1492,2987,4479,407,297,658,502,62.3,62,0
25,Nerlens Noel,437,9800,3268,1349,2457,54.9,2,12,16.7,568,865,65.7,869,1848,2717,478,554,656,572,54.9,57.6,0
26,Nikola Vucevic,687,21080,11558,4972,10074,49.4,483,1355,35.6,1131,1501,75.3,1778,5351,7129,1870,598,624,1187,51.8,53.8,0
27,James Johnson,702,14428,5506,2174,4580,47.5,360,1182,30.5,798,1168,68.3,564,1963,2527,1483,548,619,993,51.4,54,0
28,Andre Iguodala,"1,204",39043,13872,4993,10777,46.3,1068,3218,33.2,2818,3977,70.9,1102,4870,5972,5059,1743,618,2212,51.3,55.4,0
29,Danny Green,776,19845,6917,2447,5789,42.3,1496,3732,40.1,527,654,80.6,478,2225,2703,1229,811,611,791,55.2,56.9,0
30,Karl-Anthony Towns,433,14856,9953,3702,7040,52.6,692,1741,39.7,1857,2228,83.3,1326,3641,4967,1299,343,608,1151,57.5,62,0
31,Carmelo Anthony,"1,218",42471,27736,9923,22205,44.7,1647,4636,35.5,6243,7673,81.4,1944,5687,7631,3378,1196,607,3016,48.4,54.2,0
32,Jerami Grant,532,13751,5907,2041,4506,45.3,529,1529,34.6,1296,1808,71.7,484,1630,2114,698,331,593,583,51.2,55.7,0
33,Steven Adams,614,16465,5811,2412,4099,58.8,1,13,7.7,986,1790,55.1,2138,2632,4770,796,545,587,880,58.9,59.5,0
34,Kristaps Porzingis,304,9445,5694,2057,4655,44.2,552,1546,35.7,1028,1263,81.4,527,1849,2376,455,212,577,499,50.1,54.6,0
35,Ed Davis,700,13632,4278,1769,3122,56.7,0,4,0,740,1265,58.5,1580,3001,4581,533,348,561,530,56.7,58.1,0
36,Mason Plumlee,608,13499,5143,2033,3509,57.9,2,39,5.1,1075,1900,56.6,1236,2722,3958,1440,459,560,910,58,59.2,0
37,Nicolas Batum,871,26968,9795,3486,7979,43.7,1389,3842,36.2,1434,1710,83.9,892,3639,4531,3137,833,549,1514,52.4,56.1,0
38,Alex Len,549,10439,4242,1629,3219,50.6,110,328,33.5,874,1277,68.4,1043,2206,3249,462,215,543,652,52.3,56.1,0
39,Gorgui Dieng,574,12073,4370,1657,3316,50,153,430,35.6,903,1142,79.1,1010,2368,3378,765,458,528,646,52.3,57.2,0
40,Jeff Green,"1,001",29232,12761,4622,10388,44.5,1055,3104,34,2462,3063,80.4,878,3470,4348,1557,698,525,1432,49.6,54.4,0
41,James Harden,903,31140,22587,6667,15040,44.3,2509,6918,36.3,6744,7851,85.9,710,4290,5000,5980,1403,493,3385,52.7,61.1,0
42,Tristan Thompson,691,18922,6359,2558,4934,51.8,9,35,25.7,1234,2029,60.8,2332,3603,5935,701,347,488,796,51.9,54.6,0
43,Robert Covington,492,14824,5790,1945,4806,40.5,1103,3080,35.8,797,982,81.2,445,2408,2853,741,785,461,770,51.9,55.3,0
44,Thaddeus Young,"1,053",31221,13653,5889,11727,50.2,498,1507,33,1377,2069,66.6,2127,4078,6205,1949,1500,436,1554,52.3,54,0
45,John Wall,613,21833,11702,4235,9833,43.1,618,1912,32.3,2614,3355,77.9,347,2265,2612,5557,1018,427,2332,46.2,51.7,0
46,Jrue Holiday,793,26284,12695,5016,10982,45.7,1075,3003,35.8,1588,2045,77.7,705,2453,3158,5045,1187,413,2149,50.6,53.4,0
47,Maurice Harkless,591,13487,4109,1628,3438,47.4,356,1121,31.8,497,799,62.2,649,1482,2131,558,562,383,497,52.5,54.2,0
48,Markieff Morris,708,17613,7770,2996,6718,44.6,602,1765,34.1,1176,1514,77.7,866,2831,3697,1144,575,369,1078,49.1,52.6,0
49,Kawhi Leonard,576,18025,11085,3986,8080,49.3,865,2251,38.4,2248,2620,85.8,696,2993,3689,1672,1013,367,933,54.7,60,0
50,Tobias Harris,697,21662,11381,4342,9141,47.5,922,2521,36.6,1775,2146,82.7,700,3603,4303,1533,517,363,988,52.5,56.4,0
51,Andrew Wiggins,550,19367,10725,3979,8895,44.7,734,2123,34.6,2033,2782,73.1,683,1751,2434,1274,539,361,1120,48.9,53,0
52,Dewayne Dedmon,436,7810,2777,1100,2102,52.3,163,482,33.8,414,563,73.5,691,1909,2600,301,234,360,424,56.2,59.1,0
53,Enes Freedom,729,15876,8291,3402,6215,54.7,45,157,28.7,1442,1858,77.6,2196,3554,5750,633,294,358,1066,55.1,58.9,0
54,Montrezl Harrell,413,8906,5362,2172,3516,61.8,7,68,10.3,1011,1535,65.9,778,1428,2206,553,238,354,478,61.9,64,0
55,Trevor Ariza,"1,094",32494,11497,4102,9705,42.3,1585,4505,35.2,1708,2332,73.2,1071,4203,5274,2352,1615,349,1462,50.4,53.6,0
56,Blake Griffin,686,23239,14084,5260,10656,49.4,486,1484,32.7,3078,4424,69.6,1401,4412,5813,2923,594,346,1688,51.6,55.9,0
57,Eric Bledsoe,728,20346,10051,3579,7914,45.2,823,2457,33.5,2070,2633,78.6,561,2296,2857,3410,994,336,1824,50.4,55.4,0
58,Willie Cauley-Stein,420,9271,3675,1552,2853,54.4,6,32,18.8,565,923,61.2,694,1774,2468,597,349,335,384,54.5,56.4,0
59,Klay Thompson,615,20338,11995,4512,9822,45.9,1798,4290,41.9,1173,1384,84.8,273,1857,2130,1416,561,332,1053,55.1,57.5,0
60,Kevin Love,757,23808,13514,4451,10094,44.1,1316,3554,37,3296,3972,83,2010,6258,8268,1798,507,329,1470,50.6,57.1,0
61,Nikola Jokic,473,14198,8881,3423,6388,53.6,471,1356,34.7,1564,1884,83,1236,3468,4704,2841,542,327,1247,57.3,61.5,0
62,Cody Zeller,491,10938,4184,1578,3037,52,32,145,22.1,996,1363,73.1,987,1947,2934,689,319,321,520,52.5,57.5,0
63,Paul George,730,24525,14874,5066,11628,43.6,1825,4789,38.1,2917,3438,84.8,642,4055,4697,2595,1246,320,1964,51.4,56.6,0
64,Aaron Gordon,478,13717,6114,2306,5087,45.3,525,1631,32.2,977,1400,69.8,763,2253,3016,1180,361,310,697,50.5,53.6,0
65,Kent Bazemore,637,13356,5362,1912,4613,41.4,679,1911,35.5,859,1186,72.4,230,1810,2040,1135,649,305,892,48.8,52.2,0
66,Jimmy Butler,651,21540,11414,3712,8075,46,535,1647,32.5,3455,4121,83.8,997,2429,3426,2618,1072,301,1036,49.3,57.7,0
67,Russell Westbrook,970,33719,22384,7971,18211,43.8,1099,3592,30.6,5343,6782,78.8,1615,5555,7170,8292,1656,299,4018,46.8,52.8,0
68,Gordon Hayward,713,22239,11170,3853,8508,45.3,983,2660,37,2481,3005,82.6,544,2670,3214,2508,703,292,1406,51.1,56.8,0
69,Kyle Lowry,984,31302,14592,4686,11058,42.4,1876,5124,36.6,3344,4115,81.3,783,3517,4300,6183,1308,289,2326,50.9,56.7,0
70,Kemba Walker,722,24159,14193,4902,11704,41.9,1628,4507,36.1,2761,3287,84,403,2347,2750,3843,914,278,1546,48.8,54,0
71,Kelly Olynyk,580,12874,5906,2141,4487,47.7,708,1933,36.6,916,1178,77.8,682,2281,2963,1160,448,272,847,55.6,59,0
72,DeMar DeRozan,905,30893,18384,6586,14270,46.2,380,1342,28.3,4832,5788,83.5,667,3295,3962,3453,889,265,1854,47.5,54.7,0
72,Kyle Anderson,458,9570,3017,1177,2457,47.9,195,577,33.8,468,645,72.6,328,1638,1966,1038,451,265,432,51.9,55,0
74,Danilo Gallinari,685,20604,10775,3267,7650,42.7,1349,3524,38.3,2892,3300,87.6,479,2817,3296,1344,520,256,857,51.5,59.2,0
75,Eric Gordon,714,23243,11814,4014,9413,42.6,1673,4528,36.9,2113,2609,81,288,1451,1739,2030,626,253,1418,51.5,55.9,0
76,Udonis Haslem,864,21592,6533,2648,5408,49,5,59,8.5,1232,1631,75.5,1608,4153,5761,730,422,250,804,49,53.3,0
77,Bradley Beal,628,21807,13822,5030,11035,45.6,1405,3771,37.3,2357,2870,82.1,544,2017,2561,2568,711,243,1506,51.9,56.2,0
78,Will Barton,575,14623,6579,2440,5629,43.3,730,2059,35.5,969,1236,78.4,426,2006,2432,1526,442,238,815,49.8,53.3,0
79,Jae Crowder,693,17377,6662,2288,5468,41.8,1068,3086,34.6,1018,1311,77.7,486,2424,2910,1093,673,236,607,51.6,55.1,0
80,Derrick Rose,669,21234,12197,4771,10443,45.7,551,1751,31.5,2104,2534,83,537,1695,2232,3632,517,235,1689,48.3,52.8,0
80,Patrick Beverley,486,13393,4273,1509,3621,41.7,769,2023,38,486,638,76.2,555,1523,2078,1652,550,235,615,52.3,54.8,0
82,P.J. Tucker,732,21267,5174,1875,4445,42.2,756,2094,36.1,668,891,75,1118,3027,4145,1050,848,232,718,50.7,53.5,0
83,Justin Holiday,525,12739,4483,1566,3925,39.9,857,2355,36.4,494,603,81.9,198,1377,1575,770,514,229,459,50.8,53.5,0
84,Garrett Temple,658,14174,4225,1507,3738,40.3,660,1902,34.7,551,740,74.5,277,1276,1553,1143,554,226,619,49.1,52,0
85,George Hill,837,23014,9149,3242,7090,45.7,1013,2646,38.3,1652,2052,80.5,500,2071,2571,2632,756,224,1039,52.9,57.2,0
85,Kyrie Irving,582,19713,13293,4895,10418,47,1271,3248,39.1,2232,2534,88.1,459,1753,2212,3337,775,224,1524,53.1,57.6,0
87,Damian Lillard,702,25492,17244,5649,12913,43.7,2106,5650,37.3,3840,4297,89.4,420,2515,2935,4670,678,218,1964,51.9,58.2,0
87,CJ McCollum,552,17329,10465,4011,8854,45.3,1263,3179,39.7,1180,1437,82.1,346,1525,1871,1836,482,218,946,52.4,55.2,0
89,Victor Oladipo,454,14969,7955,2923,6676,43.8,729,2101,34.7,1380,1745,79.1,270,1824,2094,1796,743,217,1163,49.2,53.4,0
89,Dwight Powell,454,8425,3356,1238,2175,56.9,115,391,29.4,765,1031,74.2,675,1384,2059,457,299,217,305,59.6,63.8,0
91,Julius Randle,472,14519,8252,3060,6359,48.1,373,1095,34.1,1759,2372,74.2,948,3411,4359,1608,331,214,1263,51.1,55.7,0
92,Terrence Ross,632,15802,7151,2609,6238,41.8,1192,3267,36.5,741,889,83.4,220,1580,1800,776,536,213,620,51.4,53.9,0
93,Kelly Oubre Jr.,431,10883,5106,1837,4217,43.6,594,1781,33.4,838,1105,75.8,400,1490,1890,436,402,210,460,50.6,54.3,0
94,Jeremy Lamb,538,11250,5538,2038,4610,44.2,569,1647,34.5,893,1035,86.3,284,1688,1972,847,396,203,441,50.4,54.7,0
95,Mike Muscala,408,6370,2475,893,1952,45.7,371,997,37.2,318,377,84.4,340,963,1303,366,139,195,252,55.3,58.4,0
96,Otto Porter Jr.,463,12111,4986,1922,4021,47.8,628,1557,40.3,514,648,79.3,520,1772,2292,697,521,194,370,55.6,57.9,0
97,Lou Williams,"1,088",26588,15370,4970,11852,41.9,1433,4083,35.1,3997,4751,84.1,421,2009,2430,3710,936,191,1871,48,55.1,0
98,Marcus Morris Sr.,674,18183,8220,3005,6907,43.5,1061,2803,37.9,1149,1505,76.3,625,2471,3096,993,465,190,802,51.2,54.3,0
99,JaMychal Green,444,9404,3545,1336,2857,46.8,368,993,37.1,505,654,77.2,760,1821,2581,406,250,188,486,53.2,56.4,0
100,Mike Conley,909,29207,13554,4813,10919,44.1,1381,3613,38.2,2547,3102,82.1,416,2284,2700,5145,1294,183,1819,50.4,55.2,0
101,Marcus Smart,475,14081,4864,1616,4293,37.6,712,2242,31.8,920,1185,77.6,407,1289,1696,2040,759,180,831,45.9,50.5,0
102,Stephen Curry,786,26971,19093,6554,13784,47.5,2964,6860,43.2,3021,3328,90.8,535,3099,3634,5136,1324,175,2467,58.3,62.6,0
103,Wesley Matthews,853,26400,10682,3647,8657,42.1,1731,4572,37.9,1657,2012,82.4,426,2078,2504,1751,868,173,1029,52.1,56,0
104,Ish Smith,672,13475,5141,2189,5091,43,279,864,32.3,484,717,67.5,240,1433,1673,2599,479,167,835,45.7,47.5,0
104,Nemanja Bjelica,403,8390,3143,1179,2534,46.5,466,1208,38.6,319,419,76.1,447,1409,1856,705,266,167,403,55.7,57.8,0
106,Chris Paul,"1,115",38566,20338,7164,15167,47.2,1506,4063,37.1,4504,5166,87.2,699,4322,5021,10530,2381,161,2680,52.2,58.3,0
107,Goran Dragic,872,24326,12086,4420,9577,46.2,1086,2987,36.4,2160,2815,76.7,616,2068,2684,4177,849,160,1968,51.8,55.9,0
108,Cory Joseph,687,15065,4788,1865,4210,44.3,350,1055,33.2,708,911,77.7,347,1407,1754,2032,540,155,714,48.5,51.9,0
109,Elfrid Payton,461,12960,4930,2039,4537,44.9,186,646,28.8,666,1058,62.9,508,1435,1943,2791,568,146,1045,47,49.3,0
110,Bobby Portis,403,8438,4308,1736,3708,46.8,385,1007,38.2,451,597,75.5,731,1806,2537,481,229,144,434,52,54.2,0
111,Kentavious Caldwell-Pope,632,18405,7190,2569,6129,41.9,1056,2954,35.7,996,1236,80.6,397,1582,1979,1049,699,136,635,50.5,53.9,0
112,Tony Snell,568,12513,3521,1279,2969,43.1,692,1753,39.5,271,321,84.4,158,1138,1296,653,254,132,314,54.7,56.6,0
113,Harrison Barnes,691,21898,9686,3526,7796,45.2,901,2386,37.8,1733,2159,80.3,710,2821,3531,1239,489,131,853,51,55.4,0
113,Zach LaVine,437,13801,8501,3065,6663,46,918,2389,38.4,1453,1759,82.6,208,1496,1704,1667,395,131,1168,52.9,57.2,0
113,E'Twaun Moore,598,12564,4743,1927,4236,45.5,556,1432,38.8,333,449,74.2,282,926,1208,1055,395,131,534,52.1,53.5,0
116,Avery Bradley,622,17292,7026,2820,6496,43.4,808,2218,36.4,578,740,78.1,378,1410,1788,1076,621,124,843,49.6,51.5,0
117,Rajon Rondo,932,28081,9198,3838,8403,45.7,425,1321,32.2,1097,1800,60.9,903,3372,4275,7464,1499,122,2541,48.2,50,0
118,Buddy Hield,413,11913,6600,2402,5573,43.1,1245,3106,40.1,551,640,86.1,301,1458,1759,1007,328,117,709,54.3,56.4,0
119,Alec Burks,570,12719,6000,2037,4839,42.1,558,1483,37.6,1368,1717,79.7,333,1580,1913,1079,384,114,698,47.9,53.6,0
120,Khris Middleton,604,19145,10157,3700,8067,45.9,1096,2787,39.3,1661,1890,87.9,371,2543,2914,2199,739,108,1231,52.7,57.1,0
121,Devin Booker,430,14404,9883,3444,7570,45.5,845,2385,35.4,2150,2472,87,219,1407,1626,1993,340,107,1387,51.1,57.1,0
122,Austin Rivers,606,14676,5408,2004,4808,41.7,680,1954,34.8,720,1116,64.5,205,1066,1271,1362,424,104,665,48.8,51,0
123,Solomon Hill,448,9654,2453,843,2175,38.8,362,1093,33.1,405,508,79.7,289,1110,1399,662,307,99,377,47.1,51.1,0
124,Terry Rozier,423,10607,4968,1786,4347,41.1,778,2079,37.4,618,756,81.7,268,1350,1618,1251,372,98,509,50,53.1,0
125,Ben McLemore,503,11387,4424,1573,3781,41.6,733,2018,36.3,545,702,77.6,213,964,1177,512,318,96,559,51.3,54.1,0
126,Gary Harris,427,12256,5006,1875,4179,44.9,609,1712,35.6,647,805,80.4,264,820,1084,890,502,94,518,52.2,55.2,0
127,T.J. McConnell,478,10619,3271,1461,2898,50.4,110,338,32.5,239,312,76.6,259,1167,1426,2388,609,93,765,52.3,53.9,0
128,Joe Ingles,570,14653,4973,1762,3885,45.4,1044,2519,41.4,405,527,76.9,189,1669,1858,2141,534,88,908,58.8,60.4,0
129,Ricky Rubio,658,19933,7304,2374,6100,38.9,605,1853,32.6,1951,2315,84.3,416,2312,2728,4992,1181,85,1719,43.9,51.3,0
130,Evan Fournier,591,16849,8426,3029,6760,44.8,1116,2939,38,1252,1556,80.5,246,1388,1634,1547,515,83,970,53.1,56.6,0
131,Tim Hardaway Jr.,569,15379,7909,2770,6552,42.3,1209,3380,35.8,1160,1428,81.2,193,1396,1589,1057,354,80,604,51.5,55.1,0
131,Joe Harris,414,10603,4584,1676,3470,48.3,874,1991,43.9,358,459,78,238,1106,1344,679,204,80,477,60.9,62.4,0
133,Jordan Clarkson,546,14673,8319,3160,7194,43.9,951,2799,34,1048,1268,82.6,451,1325,1776,1381,465,78,901,50.5,53.7,0
134,Reggie Jackson,654,16534,8368,3113,7289,42.7,852,2455,34.7,1290,1512,85.3,345,1598,1943,2767,447,76,1206,48.6,52.6,0
135,Dennis Schroder,583,15479,8394,3140,7194,43.6,676,2006,33.7,1438,1724,83.4,249,1460,1709,2739,486,75,1403,48.3,52.8,0
135,Rodney Hood,416,10560,4552,1649,3929,42,628,1720,36.5,626,744,84.1,150,972,1122,712,293,75,417,50,53.5,0
137,Wayne Ellington,746,15673,6030,2177,5310,41,1171,3062,38.2,505,598,84.4,231,1361,1592,833,397,63,497,52,54.1,0
137,Patty Mills,765,15418,6921,2477,5767,43,1298,3323,39.1,669,779,85.9,236,1041,1277,1770,497,63,746,54.2,56.6,0
139,Trey Burke,469,10101,4660,1794,4353,41.2,548,1579,34.7,524,647,81,160,694,854,1483,267,52,541,47.5,50.2,0
140,Doug McDermott,493,10221,4466,1696,3549,47.8,653,1597,40.9,421,512,82.2,214,947,1161,455,103,48,312,57,59.2,0
141,Bojan Bogdanovic,559,16140,8217,2852,6236,45.7,1114,2831,39.4,1399,1618,86.5,283,1702,1985,869,311,42,887,54.7,59.1,0
142,Tyus Jones,408,7342,2359,911,2108,43.2,243,705,34.5,294,357,82.4,91,599,690,1476,401,33,300,49,52.1,0
143,D.J. Augustin,942,22245,9056,2928,7114,41.2,1213,3193,38,1987,2292,86.7,284,1476,1760,3706,555,31,1398,49.7,55.7,0
1,Dwight Howard,"1,206",38841,19232,6960,11865,58.7,20,96,20.8,5292,9353,56.6,4070,10331,14401,1652,1065,2207,3278,58.7,60.2,0
2,DeAndre Jordan,953,25858,8826,3573,5301,67.4,1,12,8.3,1679,3535,47.5,2952,7050,10002,919,533,1483,1312,67.4,64.4,0
3,LeBron James,"1,325",50605,35757,13051,25900,50.4,2020,5856,34.5,7635,10406,73.4,1548,8290,9838,9799,2092,994,4646,54.3,58.7,0
4,Andre Drummond,670,20341,9514,4006,7461,53.7,15,112,13.4,1487,3152,47.2,3103,5979,9082,922,922,1015,1341,53.8,53.8,0
5,LaMarcus Aldridge,"1,053",35758,20285,8204,16666,49.2,223,693,32.2,3654,4503,81.1,2736,5879,8615,2056,754,1168,1614,49.9,54.4,0
6,Kevin Love,757,23808,13514,4451,10094,44.1,1316,3554,37,3296,3972,83,2010,6258,8268,1798,507,329,1470,50.6,57.1,0
7,Paul Millsap,"1,073",30358,14493,5437,11119,48.9,539,1578,34.2,3080,4183,73.6,2327,5309,7636,2370,1322,1039,1820,51.3,55.9,0
8,Carmelo Anthony,"1,218",42471,27736,9923,22205,44.7,1647,4636,35.5,6243,7673,81.4,1944,5687,7631,3378,1196,607,3016,48.4,54.2,0
9,Al Horford,904,29270,12571,5262,10199,51.6,549,1527,36,1498,1976,75.8,1862,5563,7425,2993,731,1070,1398,54.3,56.8,0
10,Russell Westbrook,970,33719,22384,7971,18211,43.8,1099,3592,30.6,5343,6782,78.8,1615,5555,7170,8292,1656,299,4018,46.8,52.8,0
11,Nikola Vucevic,687,21080,11558,4972,10074,49.4,483,1355,35.6,1131,1501,75.3,1778,5351,7129,1870,598,624,1187,51.8,53.8,0
12,Rudy Gobert,570,16974,6937,2566,3954,64.9,0,8,0,1805,2855,63.2,1859,4660,6519,759,389,1275,935,64.9,66.6,0
13,Kevin Durant,908,33333,24567,8388,16934,49.5,1696,4421,38.4,6095,6908,88.2,642,5779,6421,3811,989,1005,2847,54.5,61.5,0
14,DeMarcus Cousins,611,18853,12397,4420,9620,45.9,390,1173,33.2,3167,4298,73.7,1623,4792,6415,1914,843,721,2070,48,53.8,0
15,Serge Ibaka,860,24218,10644,4418,8613,51.3,579,1612,35.9,1229,1620,75.9,1829,4424,6253,709,362,1722,1139,54.7,57.1,0
16,Thaddeus Young,"1,053",31221,13653,5889,11727,50.2,498,1507,33,1377,2069,66.6,2127,4078,6205,1949,1500,436,1554,52.3,54,0
17,Jonas Valanciunas,649,16774,8531,3395,6030,56.3,129,341,37.8,1612,2061,78.2,1823,4239,6062,703,265,668,1020,57.4,61.5,0
18,Anthony Davis,589,20297,14063,5244,10196,51.4,289,946,30.5,3286,4128,79.6,1486,4536,6022,1367,807,1377,1148,52.8,58.5,0
19,Andre Iguodala,"1,204",39043,13872,4993,10777,46.3,1068,3218,33.2,2818,3977,70.9,1102,4870,5972,5059,1743,618,2212,51.3,55.4,0
20,Rudy Gay,"1,020",32917,17017,6444,14188,45.4,1107,3151,35.1,3022,3783,79.9,1368,4568,5936,2179,1191,763,2172,49.3,53.7,0
21,Tristan Thompson,691,18922,6359,2558,4934,51.8,9,35,25.7,1234,2029,60.8,2332,3603,5935,701,347,488,796,51.9,54.6,0
22,Blake Griffin,686,23239,14084,5260,10656,49.4,486,1484,32.7,3078,4424,69.6,1401,4412,5813,2923,594,346,1688,51.6,55.9,0
23,Udonis Haslem,864,21592,6533,2648,5408,49,5,59,8.5,1232,1631,75.5,1608,4153,5761,730,422,250,804,49,53.3,0
24,Enes Freedom,729,15876,8291,3402,6215,54.7,45,157,28.7,1442,1858,77.6,2196,3554,5750,633,294,358,1066,55.1,58.9,0
25,Giannis Antetokounmpo,613,19933,12982,4733,8895,53.2,404,1403,28.8,3112,4354,71.5,1034,4620,5654,2769,719,805,1744,55.5,60,0
26,Derrick Favors,770,18862,8263,3378,6325,53.4,38,185,20.5,1469,2216,66.3,1904,3618,5522,834,569,930,992,53.7,56.6,0
27,Brook Lopez,856,25922,14094,5385,10897,49.4,635,1865,34,2689,3380,79.6,1757,3602,5359,1239,496,1518,1469,52.3,56.9,0
28,Taj Gibson,856,21253,7896,3280,6337,51.8,29,136,21.3,1307,1840,71,1973,3331,5304,856,485,901,974,52,55.2,0
29,Trevor Ariza,"1,094",32494,11497,4102,9705,42.3,1585,4505,35.2,1708,2332,73.2,1071,4203,5274,2352,1615,349,1462,50.4,53.6,0
30,Hassan Whiteside,469,11834,6078,2536,4362,58.1,8,26,30.8,998,1646,60.6,1492,3687,5179,307,254,1070,726,58.2,59.7,0
31,Chris Paul,"1,115",38566,20338,7164,15167,47.2,1506,4063,37.1,4504,5166,87.2,699,4322,5021,10530,2381,161,2680,52.2,58.3,0
32,James Harden,903,31140,22587,6667,15040,44.3,2509,6918,36.3,6744,7851,85.9,710,4290,5000,5980,1403,493,3385,52.7,61.1,0
33,Karl-Anthony Towns,433,14856,9953,3702,7040,52.6,692,1741,39.7,1857,2228,83.3,1326,3641,4967,1299,343,608,1151,57.5,62,0
34,Steven Adams,614,16465,5811,2412,4099,58.8,1,13,7.7,986,1790,55.1,2138,2632,4770,796,545,587,880,58.9,59.5,0
35,Nikola Jokic,473,14198,8881,3423,6388,53.6,471,1356,34.7,1564,1884,83,1236,3468,4704,2841,542,327,1247,57.3,61.5,0
36,Paul George,730,24525,14874,5066,11628,43.6,1825,4789,38.1,2917,3438,84.8,642,4055,4697,2595,1246,320,1964,51.4,56.6,0
37,Draymond Green,663,18909,5807,2122,4827,44,562,1781,31.6,1001,1410,71,732,3875,4607,3595,927,685,1450,49.8,53.3,0
38,Ed Davis,700,13632,4278,1769,3122,56.7,0,4,0,740,1265,58.5,1580,3001,4581,533,348,561,530,56.7,58.1,0
39,Nicolas Batum,871,26968,9795,3486,7979,43.7,1389,3842,36.2,1434,1710,83.9,892,3639,4531,3137,833,549,1514,52.4,56.1,0
40,Robin Lopez,912,20098,8007,3346,6238,53.6,51,175,29.1,1264,1695,74.6,2070,2434,4504,751,214,1021,1001,54,57.3,0
41,Clint Capela,423,11353,5330,2313,3714,62.3,0,3,0,704,1321,53.3,1492,2987,4479,407,297,658,502,62.3,62,0
42,Julius Randle,472,14519,8252,3060,6359,48.1,373,1095,34.1,1759,2372,74.2,948,3411,4359,1608,331,214,1263,51.1,55.7,0
43,Jeff Green,"1,001",29232,12761,4622,10388,44.5,1055,3104,34,2462,3063,80.4,878,3470,4348,1557,698,525,1432,49.6,54.4,0
44,Tobias Harris,697,21662,11381,4342,9141,47.5,922,2521,36.6,1775,2146,82.7,700,3603,4303,1533,517,363,988,52.5,56.4,0
45,Kyle Lowry,984,31302,14592,4686,11058,42.4,1876,5124,36.6,3344,4115,81.3,783,3517,4300,6183,1308,289,2326,50.9,56.7,0
46,Rajon Rondo,932,28081,9198,3838,8403,45.7,425,1321,32.2,1097,1800,60.9,903,3372,4275,7464,1499,122,2541,48.2,50,0
47,P.J. Tucker,732,21267,5174,1875,4445,42.2,756,2094,36.1,668,891,75,1118,3027,4145,1050,848,232,718,50.7,53.5,0
48,JaVale McGee,772,13208,6118,2621,4567,57.4,11,59,18.6,865,1448,59.7,1453,2577,4030,331,313,1153,767,57.5,58.8,0
49,DeMar DeRozan,905,30893,18384,6586,14270,46.2,380,1342,28.3,4832,5788,83.5,667,3295,3962,3453,889,265,1854,47.5,54.7,0
50,Mason Plumlee,608,13499,5143,2033,3509,57.9,2,39,5.1,1075,1900,56.6,1236,2722,3958,1440,459,560,910,58,59.2,0
51,Markieff Morris,708,17613,7770,2996,6718,44.6,602,1765,34.1,1176,1514,77.7,866,2831,3697,1144,575,369,1078,49.1,52.6,0
52,Kawhi Leonard,576,18025,11085,3986,8080,49.3,865,2251,38.4,2248,2620,85.8,696,2993,3689,1672,1013,367,933,54.7,60,0
53,Stephen Curry,786,26971,19093,6554,13784,47.5,2964,6860,43.2,3021,3328,90.8,535,3099,3634,5136,1324,175,2467,58.3,62.6,0
54,Harrison Barnes,691,21898,9686,3526,7796,45.2,901,2386,37.8,1733,2159,80.3,710,2821,3531,1239,489,131,853,51,55.4,0
55,Jimmy Butler,651,21540,11414,3712,8075,46,535,1647,32.5,3455,4121,83.8,997,2429,3426,2618,1072,301,1036,49.3,57.7,0
56,Gorgui Dieng,574,12073,4370,1657,3316,50,153,430,35.6,903,1142,79.1,1010,2368,3378,765,458,528,646,52.3,57.2,0
57,Danilo Gallinari,685,20604,10775,3267,7650,42.7,1349,3524,38.3,2892,3300,87.6,479,2817,3296,1344,520,256,857,51.5,59.2,0
58,Alex Len,549,10439,4242,1629,3219,50.6,110,328,33.5,874,1277,68.4,1043,2206,3249,462,215,543,652,52.3,56.1,0
59,Gordon Hayward,713,22239,11170,3853,8508,45.3,983,2660,37,2481,3005,82.6,544,2670,3214,2508,703,292,1406,51.1,56.8,0
60,Jrue Holiday,793,26284,12695,5016,10982,45.7,1075,3003,35.8,1588,2045,77.7,705,2453,3158,5045,1187,413,2149,50.6,53.4,0
61,Marcus Morris Sr.,674,18183,8220,3005,6907,43.5,1061,2803,37.9,1149,1505,76.3,625,2471,3096,993,465,190,802,51.2,54.3,0
62,Aaron Gordon,478,13717,6114,2306,5087,45.3,525,1631,32.2,977,1400,69.8,763,2253,3016,1180,361,310,697,50.5,53.6,0
63,Kelly Olynyk,580,12874,5906,2141,4487,47.7,708,1933,36.6,916,1178,77.8,682,2281,2963,1160,448,272,847,55.6,59,0
64,Damian Lillard,702,25492,17244,5649,12913,43.7,2106,5650,37.3,3840,4297,89.4,420,2515,2935,4670,678,218,1964,51.9,58.2,0
65,Cody Zeller,491,10938,4184,1578,3037,52,32,145,22.1,996,1363,73.1,987,1947,2934,689,319,321,520,52.5,57.5,0
66,Khris Middleton,604,19145,10157,3700,8067,45.9,1096,2787,39.3,1661,1890,87.9,371,2543,2914,2199,739,108,1231,52.7,57.1,0
67,Jae Crowder,693,17377,6662,2288,5468,41.8,1068,3086,34.6,1018,1311,77.7,486,2424,2910,1093,673,236,607,51.6,55.1,0
68,Eric Bledsoe,728,20346,10051,3579,7914,45.2,823,2457,33.5,2070,2633,78.6,561,2296,2857,3410,994,336,1824,50.4,55.4,0
69,Robert Covington,492,14824,5790,1945,4806,40.5,1103,3080,35.8,797,982,81.2,445,2408,2853,741,785,461,770,51.9,55.3,0
70,Myles Turner,416,11938,5298,1995,4076,48.9,381,1066,35.7,927,1209,76.7,591,2192,2783,494,298,940,555,53.6,57.5,0
71,Kemba Walker,722,24159,14193,4902,11704,41.9,1628,4507,36.1,2761,3287,84,403,2347,2750,3843,914,278,1546,48.8,54,0
72,Ricky Rubio,658,19933,7304,2374,6100,38.9,605,1853,32.6,1951,2315,84.3,416,2312,2728,4992,1181,85,1719,43.9,51.3,0
73,Nerlens Noel,437,9800,3268,1349,2457,54.9,2,12,16.7,568,865,65.7,869,1848,2717,478,554,656,572,54.9,57.6,0
74,Danny Green,776,19845,6917,2447,5789,42.3,1496,3732,40.1,527,654,80.6,478,2225,2703,1229,811,611,791,55.2,56.9,0
75,Mike Conley,909,29207,13554,4813,10919,44.1,1381,3613,38.2,2547,3102,82.1,416,2284,2700,5145,1294,183,1819,50.4,55.2,0
76,Goran Dragic,872,24326,12086,4420,9577,46.2,1086,2987,36.4,2160,2815,76.7,616,2068,2684,4177,849,160,1968,51.8,55.9,0
77,John Wall,613,21833,11702,4235,9833,43.1,618,1912,32.3,2614,3355,77.9,347,2265,2612,5557,1018,427,2332,46.2,51.7,0
78,Dewayne Dedmon,436,7810,2777,1100,2102,52.3,163,482,33.8,414,563,73.5,691,1909,2600,301,234,360,424,56.2,59.1,0
79,JaMychal Green,444,9404,3545,1336,2857,46.8,368,993,37.1,505,654,77.2,760,1821,2581,406,250,188,486,53.2,56.4,0
80,George Hill,837,23014,9149,3242,7090,45.7,1013,2646,38.3,1652,2052,80.5,500,2071,2571,2632,756,224,1039,52.9,57.2,0
81,Bradley Beal,628,21807,13822,5030,11035,45.6,1405,3771,37.3,2357,2870,82.1,544,2017,2561,2568,711,243,1506,51.9,56.2,0
82,Bobby Portis,403,8438,4308,1736,3708,46.8,385,1007,38.2,451,597,75.5,731,1806,2537,481,229,144,434,52,54.2,0
83,James Johnson,702,14428,5506,2174,4580,47.5,360,1182,30.5,798,1168,68.3,564,1963,2527,1483,548,619,993,51.4,54,0
84,Wesley Matthews,853,26400,10682,3647,8657,42.1,1731,4572,37.9,1657,2012,82.4,426,2078,2504,1751,868,173,1029,52.1,56,0
85,Willie Cauley-Stein,420,9271,3675,1552,2853,54.4,6,32,18.8,565,923,61.2,694,1774,2468,597,349,335,384,54.5,56.4,0
86,Andrew Wiggins,550,19367,10725,3979,8895,44.7,734,2123,34.6,2033,2782,73.1,683,1751,2434,1274,539,361,1120,48.9,53,0
87,Will Barton,575,14623,6579,2440,5629,43.3,730,2059,35.5,969,1236,78.4,426,2006,2432,1526,442,238,815,49.8,53.3,0
88,Lou Williams,"1,088",26588,15370,4970,11852,41.9,1433,4083,35.1,3997,4751,84.1,421,2009,2430,3710,936,191,1871,48,55.1,0
89,Otto Porter Jr.,463,12111,4986,1922,4021,47.8,628,1557,40.3,514,648,79.3,520,1772,2292,697,521,194,370,55.6,57.9,0
90,Derrick Rose,669,21234,12197,4771,10443,45.7,551,1751,31.5,2104,2534,83,537,1695,2232,3632,517,235,1689,48.3,52.8,0
91,Kyrie Irving,582,19713,13293,4895,10418,47,1271,3248,39.1,2232,2534,88.1,459,1753,2212,3337,775,224,1524,53.1,57.6,0
92,Montrezl Harrell,413,8906,5362,2172,3516,61.8,7,68,10.3,1011,1535,65.9,778,1428,2206,553,238,354,478,61.9,64,0
93,Maurice Harkless,591,13487,4109,1628,3438,47.4,356,1121,31.8,497,799,62.2,649,1482,2131,558,562,383,497,52.5,54.2,0
94,Klay Thompson,615,20338,11995,4512,9822,45.9,1798,4290,41.9,1173,1384,84.8,273,1857,2130,1416,561,332,1053,55.1,57.5,0
95,Jerami Grant,532,13751,5907,2041,4506,45.3,529,1529,34.6,1296,1808,71.7,484,1630,2114,698,331,593,583,51.2,55.7,0
96,Victor Oladipo,454,14969,7955,2923,6676,43.8,729,2101,34.7,1380,1745,79.1,270,1824,2094,1796,743,217,1163,49.2,53.4,0
97,Patrick Beverley,486,13393,4273,1509,3621,41.7,769,2023,38,486,638,76.2,555,1523,2078,1652,550,235,615,52.3,54.8,0
98,Dwight Powell,454,8425,3356,1238,2175,56.9,115,391,29.4,765,1031,74.2,675,1384,2059,457,299,217,305,59.6,63.8,0
99,Kent Bazemore,637,13356,5362,1912,4613,41.4,679,1911,35.5,859,1186,72.4,230,1810,2040,1135,649,305,892,48.8,52.2,0
100,Bojan Bogdanovic,559,16140,8217,2852,6236,45.7,1114,2831,39.4,1399,1618,86.5,283,1702,1985,869,311,42,887,54.7,59.1,0
101,Kentavious Caldwell-Pope,632,18405,7190,2569,6129,41.9,1056,2954,35.7,996,1236,80.6,397,1582,1979,1049,699,136,635,50.5,53.9,0
102,Jeremy Lamb,538,11250,5538,2038,4610,44.2,569,1647,34.5,893,1035,86.3,284,1688,1972,847,396,203,441,50.4,54.7,0
103,Kyle Anderson,458,9570,3017,1177,2457,47.9,195,577,33.8,468,645,72.6,328,1638,1966,1038,451,265,432,51.9,55,0
104,Reggie Jackson,654,16534,8368,3113,7289,42.7,852,2455,34.7,1290,1512,85.3,345,1598,1943,2767,447,76,1206,48.6,52.6,0
104,Elfrid Payton,461,12960,4930,2039,4537,44.9,186,646,28.8,666,1058,62.9,508,1435,1943,2791,568,146,1045,47,49.3,0
106,Alec Burks,570,12719,6000,2037,4839,42.1,558,1483,37.6,1368,1717,79.7,333,1580,1913,1079,384,114,698,47.9,53.6,0
107,Kelly Oubre Jr.,431,10883,5106,1837,4217,43.6,594,1781,33.4,838,1105,75.8,400,1490,1890,436,402,210,460,50.6,54.3,0
108,CJ McCollum,552,17329,10465,4011,8854,45.3,1263,3179,39.7,1180,1437,82.1,346,1525,1871,1836,482,218,946,52.4,55.2,0
109,Joe Ingles,570,14653,4973,1762,3885,45.4,1044,2519,41.4,405,527,76.9,189,1669,1858,2141,534,88,908,58.8,60.4,0
110,Nemanja Bjelica,403,8390,3143,1179,2534,46.5,466,1208,38.6,319,419,76.1,447,1409,1856,705,266,167,403,55.7,57.8,0
111,Terrence Ross,632,15802,7151,2609,6238,41.8,1192,3267,36.5,741,889,83.4,220,1580,1800,776,536,213,620,51.4,53.9,0
112,Avery Bradley,622,17292,7026,2820,6496,43.4,808,2218,36.4,578,740,78.1,378,1410,1788,1076,621,124,843,49.6,51.5,0
113,Jordan Clarkson,546,14673,8319,3160,7194,43.9,951,2799,34,1048,1268,82.6,451,1325,1776,1381,465,78,901,50.5,53.7,0
114,D.J. Augustin,942,22245,9056,2928,7114,41.2,1213,3193,38,1987,2292,86.7,284,1476,1760,3706,555,31,1398,49.7,55.7,0
115,Buddy Hield,413,11913,6600,2402,5573,43.1,1245,3106,40.1,551,640,86.1,301,1458,1759,1007,328,117,709,54.3,56.4,0
116,Cory Joseph,687,15065,4788,1865,4210,44.3,350,1055,33.2,708,911,77.7,347,1407,1754,2032,540,155,714,48.5,51.9,0
117,Eric Gordon,714,23243,11814,4014,9413,42.6,1673,4528,36.9,2113,2609,81,288,1451,1739,2030,626,253,1418,51.5,55.9,0
118,Dennis Schroder,583,15479,8394,3140,7194,43.6,676,2006,33.7,1438,1724,83.4,249,1460,1709,2739,486,75,1403,48.3,52.8,0
119,Zach LaVine,437,13801,8501,3065,6663,46,918,2389,38.4,1453,1759,82.6,208,1496,1704,1667,395,131,1168,52.9,57.2,0
120,Marcus Smart,475,14081,4864,1616,4293,37.6,712,2242,31.8,920,1185,77.6,407,1289,1696,2040,759,180,831,45.9,50.5,0
121,Ish Smith,672,13475,5141,2189,5091,43,279,864,32.3,484,717,67.5,240,1433,1673,2599,479,167,835,45.7,47.5,0
122,Evan Fournier,591,16849,8426,3029,6760,44.8,1116,2939,38,1252,1556,80.5,246,1388,1634,1547,515,83,970,53.1,56.6,0
123,Devin Booker,430,14404,9883,3444,7570,45.5,845,2385,35.4,2150,2472,87,219,1407,1626,1993,340,107,1387,51.1,57.1,0
124,Terry Rozier,423,10607,4968,1786,4347,41.1,778,2079,37.4,618,756,81.7,268,1350,1618,1251,372,98,509,50,53.1,0
125,Wayne Ellington,746,15673,6030,2177,5310,41,1171,3062,38.2,505,598,84.4,231,1361,1592,833,397,63,497,52,54.1,0
126,Tim Hardaway Jr.,569,15379,7909,2770,6552,42.3,1209,3380,35.8,1160,1428,81.2,193,1396,1589,1057,354,80,604,51.5,55.1,0
127,Justin Holiday,525,12739,4483,1566,3925,39.9,857,2355,36.4,494,603,81.9,198,1377,1575,770,514,229,459,50.8,53.5,0
128,Garrett Temple,658,14174,4225,1507,3738,40.3,660,1902,34.7,551,740,74.5,277,1276,1553,1143,554,226,619,49.1,52,0
129,T.J. McConnell,478,10619,3271,1461,2898,50.4,110,338,32.5,239,312,76.6,259,1167,1426,2388,609,93,765,52.3,53.9,0
130,Solomon Hill,448,9654,2453,843,2175,38.8,362,1093,33.1,405,508,79.7,289,1110,1399,662,307,99,377,47.1,51.1,0
131,Joe Harris,414,10603,4584,1676,3470,48.3,874,1991,43.9,358,459,78,238,1106,1344,679,204,80,477,60.9,62.4,0
132,Mike Muscala,408,6370,2475,893,1952,45.7,371,997,37.2,318,377,84.4,340,963,1303,366,139,195,252,55.3,58.4,0
133,Tony Snell,568,12513,3521,1279,2969,43.1,692,1753,39.5,271,321,84.4,158,1138,1296,653,254,132,314,54.7,56.6,0
134,Patty Mills,765,15418,6921,2477,5767,43,1298,3323,39.1,669,779,85.9,236,1041,1277,1770,497,63,746,54.2,56.6,0
135,Austin Rivers,606,14676,5408,2004,4808,41.7,680,1954,34.8,720,1116,64.5,205,1066,1271,1362,424,104,665,48.8,51,0
136,E'Twaun Moore,598,12564,4743,1927,4236,45.5,556,1432,38.8,333,449,74.2,282,926,1208,1055,395,131,534,52.1,53.5,0
137,Ben McLemore,503,11387,4424,1573,3781,41.6,733,2018,36.3,545,702,77.6,213,964,1177,512,318,96,559,51.3,54.1,0
138,Doug McDermott,493,10221,4466,1696,3549,47.8,653,1597,40.9,421,512,82.2,214,947,1161,455,103,48,312,57,59.2,0
139,Rodney Hood,416,10560,4552,1649,3929,42,628,1720,36.5,626,744,84.1,150,972,1122,712,293,75,417,50,53.5,0
140,Gary Harris,427,12256,5006,1875,4179,44.9,609,1712,35.6,647,805,80.4,264,820,1084,890,502,94,518,52.2,55.2,0
141,Trey Burke,469,10101,4660,1794,4353,41.2,548,1579,34.7,524,647,81,160,694,854,1483,267,52,541,47.5,50.2,0
142,Tyus Jones,408,7342,2359,911,2108,43.2,243,705,34.5,294,357,82.4,91,599,690,1476,401,33,300,49,52.1,0
1,Chris Paul,"1,115",38566,20338,7164,15167,47.2,1506,4063,37.1,4504,5166,87.2,699,4322,5021,10530,2381,161,2680,52.2,58.3,0
2,LeBron James,"1,325",50605,35757,13051,25900,50.4,2020,5856,34.5,7635,10406,73.4,1548,8290,9838,9799,2092,994,4646,54.3,58.7,0
3,Russell Westbrook,970,33719,22384,7971,18211,43.8,1099,3592,30.6,5343,6782,78.8,1615,5555,7170,8292,1656,299,4018,46.8,52.8,0
4,Rajon Rondo,932,28081,9198,3838,8403,45.7,425,1321,32.2,1097,1800,60.9,903,3372,4275,7464,1499,122,2541,48.2,50,0
5,Kyle Lowry,984,31302,14592,4686,11058,42.4,1876,5124,36.6,3344,4115,81.3,783,3517,4300,6183,1308,289,2326,50.9,56.7,0
6,James Harden,903,31140,22587,6667,15040,44.3,2509,6918,36.3,6744,7851,85.9,710,4290,5000,5980,1403,493,3385,52.7,61.1,0
7,John Wall,613,21833,11702,4235,9833,43.1,618,1912,32.3,2614,3355,77.9,347,2265,2612,5557,1018,427,2332,46.2,51.7,0
8,Mike Conley,909,29207,13554,4813,10919,44.1,1381,3613,38.2,2547,3102,82.1,416,2284,2700,5145,1294,183,1819,50.4,55.2,0
9,Stephen Curry,786,26971,19093,6554,13784,47.5,2964,6860,43.2,3021,3328,90.8,535,3099,3634,5136,1324,175,2467,58.3,62.6,0
10,Andre Iguodala,"1,204",39043,13872,4993,10777,46.3,1068,3218,33.2,2818,3977,70.9,1102,4870,5972,5059,1743,618,2212,51.3,55.4,0
11,Jrue Holiday,793,26284,12695,5016,10982,45.7,1075,3003,35.8,1588,2045,77.7,705,2453,3158,5045,1187,413,2149,50.6,53.4,0
12,Ricky Rubio,658,19933,7304,2374,6100,38.9,605,1853,32.6,1951,2315,84.3,416,2312,2728,4992,1181,85,1719,43.9,51.3,0
13,Damian Lillard,702,25492,17244,5649,12913,43.7,2106,5650,37.3,3840,4297,89.4,420,2515,2935,4670,678,218,1964,51.9,58.2,0
14,Goran Dragic,872,24326,12086,4420,9577,46.2,1086,2987,36.4,2160,2815,76.7,616,2068,2684,4177,849,160,1968,51.8,55.9,0
15,Kemba Walker,722,24159,14193,4902,11704,41.9,1628,4507,36.1,2761,3287,84,403,2347,2750,3843,914,278,1546,48.8,54,0
16,Kevin Durant,908,33333,24567,8388,16934,49.5,1696,4421,38.4,6095,6908,88.2,642,5779,6421,3811,989,1005,2847,54.5,61.5,0
17,Lou Williams,"1,088",26588,15370,4970,11852,41.9,1433,4083,35.1,3997,4751,84.1,421,2009,2430,3710,936,191,1871,48,55.1,0
18,D.J. Augustin,942,22245,9056,2928,7114,41.2,1213,3193,38,1987,2292,86.7,284,1476,1760,3706,555,31,1398,49.7,55.7,0
19,Derrick Rose,669,21234,12197,4771,10443,45.7,551,1751,31.5,2104,2534,83,537,1695,2232,3632,517,235,1689,48.3,52.8,0
20,Draymond Green,663,18909,5807,2122,4827,44,562,1781,31.6,1001,1410,71,732,3875,4607,3595,927,685,1450,49.8,53.3,0
21,DeMar DeRozan,905,30893,18384,6586,14270,46.2,380,1342,28.3,4832,5788,83.5,667,3295,3962,3453,889,265,1854,47.5,54.7,0
22,Eric Bledsoe,728,20346,10051,3579,7914,45.2,823,2457,33.5,2070,2633,78.6,561,2296,2857,3410,994,336,1824,50.4,55.4,0
23,Carmelo Anthony,"1,218",42471,27736,9923,22205,44.7,1647,4636,35.5,6243,7673,81.4,1944,5687,7631,3378,1196,607,3016,48.4,54.2,0
24,Kyrie Irving,582,19713,13293,4895,10418,47,1271,3248,39.1,2232,2534,88.1,459,1753,2212,3337,775,224,1524,53.1,57.6,0
25,Nicolas Batum,871,26968,9795,3486,7979,43.7,1389,3842,36.2,1434,1710,83.9,892,3639,4531,3137,833,549,1514,52.4,56.1,0
26,Al Horford,904,29270,12571,5262,10199,51.6,549,1527,36,1498,1976,75.8,1862,5563,7425,2993,731,1070,1398,54.3,56.8,0
27,Blake Griffin,686,23239,14084,5260,10656,49.4,486,1484,32.7,3078,4424,69.6,1401,4412,5813,2923,594,346,1688,51.6,55.9,0
28,Nikola Jokic,473,14198,8881,3423,6388,53.6,471,1356,34.7,1564,1884,83,1236,3468,4704,2841,542,327,1247,57.3,61.5,0
29,Elfrid Payton,461,12960,4930,2039,4537,44.9,186,646,28.8,666,1058,62.9,508,1435,1943,2791,568,146,1045,47,49.3,0
30,Giannis Antetokounmpo,613,19933,12982,4733,8895,53.2,404,1403,28.8,3112,4354,71.5,1034,4620,5654,2769,719,805,1744,55.5,60,0
31,Reggie Jackson,654,16534,8368,3113,7289,42.7,852,2455,34.7,1290,1512,85.3,345,1598,1943,2767,447,76,1206,48.6,52.6,0
32,Dennis Schroder,583,15479,8394,3140,7194,43.6,676,2006,33.7,1438,1724,83.4,249,1460,1709,2739,486,75,1403,48.3,52.8,0
33,George Hill,837,23014,9149,3242,7090,45.7,1013,2646,38.3,1652,2052,80.5,500,2071,2571,2632,756,224,1039,52.9,57.2,0
34,Jimmy Butler,651,21540,11414,3712,8075,46,535,1647,32.5,3455,4121,83.8,997,2429,3426,2618,1072,301,1036,49.3,57.7,0
35,Ish Smith,672,13475,5141,2189,5091,43,279,864,32.3,484,717,67.5,240,1433,1673,2599,479,167,835,45.7,47.5,0
36,Paul George,730,24525,14874,5066,11628,43.6,1825,4789,38.1,2917,3438,84.8,642,4055,4697,2595,1246,320,1964,51.4,56.6,0
37,Bradley Beal,628,21807,13822,5030,11035,45.6,1405,3771,37.3,2357,2870,82.1,544,2017,2561,2568,711,243,1506,51.9,56.2,0
38,Gordon Hayward,713,22239,11170,3853,8508,45.3,983,2660,37,2481,3005,82.6,544,2670,3214,2508,703,292,1406,51.1,56.8,0
39,T.J. McConnell,478,10619,3271,1461,2898,50.4,110,338,32.5,239,312,76.6,259,1167,1426,2388,609,93,765,52.3,53.9,0
40,Paul Millsap,"1,073",30358,14493,5437,11119,48.9,539,1578,34.2,3080,4183,73.6,2327,5309,7636,2370,1322,1039,1820,51.3,55.9,0
41,Trevor Ariza,"1,094",32494,11497,4102,9705,42.3,1585,4505,35.2,1708,2332,73.2,1071,4203,5274,2352,1615,349,1462,50.4,53.6,0
42,Khris Middleton,604,19145,10157,3700,8067,45.9,1096,2787,39.3,1661,1890,87.9,371,2543,2914,2199,739,108,1231,52.7,57.1,0
43,Rudy Gay,"1,020",32917,17017,6444,14188,45.4,1107,3151,35.1,3022,3783,79.9,1368,4568,5936,2179,1191,763,2172,49.3,53.7,0
44,Joe Ingles,570,14653,4973,1762,3885,45.4,1044,2519,41.4,405,527,76.9,189,1669,1858,2141,534,88,908,58.8,60.4,0
45,Ben Simmons,275,9326,4382,1784,3188,56,5,34,14.7,809,1354,59.7,523,1694,2217,2127,464,199,925,56,57.9,0
46,LaMarcus Aldridge,"1,053",35758,20285,8204,16666,49.2,223,693,32.2,3654,4503,81.1,2736,5879,8615,2056,754,1168,1614,49.9,54.4,0
47,Trae Young,230,7639,5609,1796,4144,43.3,568,1631,34.8,1449,1678,86.4,157,750,907,2053,215,38,964,50.2,57.4,0
48,D'Angelo Russell,380,11086,6727,2459,5871,41.9,927,2594,35.7,882,1138,77.5,204,1164,1368,2045,427,113,1087,49.8,52.8,0
49,Marcus Smart,475,14081,4864,1616,4293,37.6,712,2242,31.8,920,1185,77.6,407,1289,1696,2040,759,180,831,45.9,50.5,0
50,Cory Joseph,687,15065,4788,1865,4210,44.3,350,1055,33.2,708,911,77.7,347,1407,1754,2032,540,155,714,48.5,51.9,0
51,Eric Gordon,714,23243,11814,4014,9413,42.6,1673,4528,36.9,2113,2609,81,288,1451,1739,2030,626,253,1418,51.5,55.9,0
52,Devin Booker,430,14404,9883,3444,7570,45.5,845,2385,35.4,2150,2472,87,219,1407,1626,1993,340,107,1387,51.1,57.1,0
53,Thaddeus Young,"1,053",31221,13653,5889,11727,50.2,498,1507,33,1377,2069,66.6,2127,4078,6205,1949,1500,436,1554,52.3,54,0
54,DeMarcus Cousins,611,18853,12397,4420,9620,45.9,390,1173,33.2,3167,4298,73.7,1623,4792,6415,1914,843,721,2070,48,53.8,0
55,Nikola Vucevic,687,21080,11558,4972,10074,49.4,483,1355,35.6,1131,1501,75.3,1778,5351,7129,1870,598,624,1187,51.8,53.8,0
56,CJ McCollum,552,17329,10465,4011,8854,45.3,1263,3179,39.7,1180,1437,82.1,346,1525,1871,1836,482,218,946,52.4,55.2,0
57,Kevin Love,757,23808,13514,4451,10094,44.1,1316,3554,37,3296,3972,83,2010,6258,8268,1798,507,329,1470,50.6,57.1,0
58,Victor Oladipo,454,14969,7955,2923,6676,43.8,729,2101,34.7,1380,1745,79.1,270,1824,2094,1796,743,217,1163,49.2,53.4,0
59,Patty Mills,765,15418,6921,2477,5767,43,1298,3323,39.1,669,779,85.9,236,1041,1277,1770,497,63,746,54.2,56.6,0
60,Wesley Matthews,853,26400,10682,3647,8657,42.1,1731,4572,37.9,1657,2012,82.4,426,2078,2504,1751,868,173,1029,52.1,56,0
61,Kawhi Leonard,576,18025,11085,3986,8080,49.3,865,2251,38.4,2248,2620,85.8,696,2993,3689,1672,1013,367,933,54.7,60,0
62,Zach LaVine,437,13801,8501,3065,6663,46,918,2389,38.4,1453,1759,82.6,208,1496,1704,1667,395,131,1168,52.9,57.2,0
63,Dwight Howard,"1,206",38841,19232,6960,11865,58.7,20,96,20.8,5292,9353,56.6,4070,10331,14401,1652,1065,2207,3278,58.7,60.2,0
63,Patrick Beverley,486,13393,4273,1509,3621,41.7,769,2023,38,486,638,76.2,555,1523,2078,1652,550,235,615,52.3,54.8,0
65,Julius Randle,472,14519,8252,3060,6359,48.1,373,1095,34.1,1759,2372,74.2,948,3411,4359,1608,331,214,1263,51.1,55.7,0
66,Jeff Green,"1,001",29232,12761,4622,10388,44.5,1055,3104,34,2462,3063,80.4,878,3470,4348,1557,698,525,1432,49.6,54.4,0
67,Evan Fournier,591,16849,8426,3029,6760,44.8,1116,2939,38,1252,1556,80.5,246,1388,1634,1547,515,83,970,53.1,56.6,0
68,Tobias Harris,697,21662,11381,4342,9141,47.5,922,2521,36.6,1775,2146,82.7,700,3603,4303,1533,517,363,988,52.5,56.4,0
69,Will Barton,575,14623,6579,2440,5629,43.3,730,2059,35.5,969,1236,78.4,426,2006,2432,1526,442,238,815,49.8,53.3,0
70,James Johnson,702,14428,5506,2174,4580,47.5,360,1182,30.5,798,1168,68.3,564,1963,2527,1483,548,619,993,51.4,54,0
70,Trey Burke,469,10101,4660,1794,4353,41.2,548,1579,34.7,524,647,81,160,694,854,1483,267,52,541,47.5,50.2,0
72,Tyus Jones,408,7342,2359,911,2108,43.2,243,705,34.5,294,357,82.4,91,599,690,1476,401,33,300,49,52.1,0
73,Mason Plumlee,608,13499,5143,2033,3509,57.9,2,39,5.1,1075,1900,56.6,1236,2722,3958,1440,459,560,910,58,59.2,0
74,Klay Thompson,615,20338,11995,4512,9822,45.9,1798,4290,41.9,1173,1384,84.8,273,1857,2130,1416,561,332,1053,55.1,57.5,0
75,Jordan Clarkson,546,14673,8319,3160,7194,43.9,951,2799,34,1048,1268,82.6,451,1325,1776,1381,465,78,901,50.5,53.7,0
76,Anthony Davis,589,20297,14063,5244,10196,51.4,289,946,30.5,3286,4128,79.6,1486,4536,6022,1367,807,1377,1148,52.8,58.5,0
77,Austin Rivers,606,14676,5408,2004,4808,41.7,680,1954,34.8,720,1116,64.5,205,1066,1271,1362,424,104,665,48.8,51,0
78,Danilo Gallinari,685,20604,10775,3267,7650,42.7,1349,3524,38.3,2892,3300,87.6,479,2817,3296,1344,520,256,857,51.5,59.2,0
79,Karl-Anthony Towns,433,14856,9953,3702,7040,52.6,692,1741,39.7,1857,2228,83.3,1326,3641,4967,1299,343,608,1151,57.5,62,0
80,Andrew Wiggins,550,19367,10725,3979,8895,44.7,734,2123,34.6,2033,2782,73.1,683,1751,2434,1274,539,361,1120,48.9,53,0
81,Terry Rozier,423,10607,4968,1786,4347,41.1,778,2079,37.4,618,756,81.7,268,1350,1618,1251,372,98,509,50,53.1,0
82,Brook Lopez,856,25922,14094,5385,10897,49.4,635,1865,34,2689,3380,79.6,1757,3602,5359,1239,496,1518,1469,52.3,56.9,0
82,Harrison Barnes,691,21898,9686,3526,7796,45.2,901,2386,37.8,1733,2159,80.3,710,2821,3531,1239,489,131,853,51,55.4,0
84,Danny Green,776,19845,6917,2447,5789,42.3,1496,3732,40.1,527,654,80.6,478,2225,2703,1229,811,611,791,55.2,56.9,0
85,Aaron Gordon,478,13717,6114,2306,5087,45.3,525,1631,32.2,977,1400,69.8,763,2253,3016,1180,361,310,697,50.5,53.6,0
86,Kelly Olynyk,580,12874,5906,2141,4487,47.7,708,1933,36.6,916,1178,77.8,682,2281,2963,1160,448,272,847,55.6,59,0
87,Markieff Morris,708,17613,7770,2996,6718,44.6,602,1765,34.1,1176,1514,77.7,866,2831,3697,1144,575,369,1078,49.1,52.6,0
88,Garrett Temple,658,14174,4225,1507,3738,40.3,660,1902,34.7,551,740,74.5,277,1276,1553,1143,554,226,619,49.1,52,0
89,Kent Bazemore,637,13356,5362,1912,4613,41.4,679,1911,35.5,859,1186,72.4,230,1810,2040,1135,649,305,892,48.8,52.2,0
90,Jae Crowder,693,17377,6662,2288,5468,41.8,1068,3086,34.6,1018,1311,77.7,486,2424,2910,1093,673,236,607,51.6,55.1,0
91,Alec Burks,570,12719,6000,2037,4839,42.1,558,1483,37.6,1368,1717,79.7,333,1580,1913,1079,384,114,698,47.9,53.6,0
92,Avery Bradley,622,17292,7026,2820,6496,43.4,808,2218,36.4,578,740,78.1,378,1410,1788,1076,621,124,843,49.6,51.5,0
93,Tim Hardaway Jr.,569,15379,7909,2770,6552,42.3,1209,3380,35.8,1160,1428,81.2,193,1396,1589,1057,354,80,604,51.5,55.1,0
94,E'Twaun Moore,598,12564,4743,1927,4236,45.5,556,1432,38.8,333,449,74.2,282,926,1208,1055,395,131,534,52.1,53.5,0
95,P.J. Tucker,732,21267,5174,1875,4445,42.2,756,2094,36.1,668,891,75,1118,3027,4145,1050,848,232,718,50.7,53.5,0
96,Kentavious Caldwell-Pope,632,18405,7190,2569,6129,41.9,1056,2954,35.7,996,1236,80.6,397,1582,1979,1049,699,136,635,50.5,53.9,0
97,Kyle Anderson,458,9570,3017,1177,2457,47.9,195,577,33.8,468,645,72.6,328,1638,1966,1038,451,265,432,51.9,55,0
98,Buddy Hield,413,11913,6600,2402,5573,43.1,1245,3106,40.1,551,640,86.1,301,1458,1759,1007,328,117,709,54.3,56.4,0
99,Marcus Morris Sr.,674,18183,8220,3005,6907,43.5,1061,2803,37.9,1149,1505,76.3,625,2471,3096,993,465,190,802,51.2,54.3,0
100,Andre Drummond,670,20341,9514,4006,7461,53.7,15,112,13.4,1487,3152,47.2,3103,5979,9082,922,922,1015,1341,53.8,53.8,0
101,DeAndre Jordan,953,25858,8826,3573,5301,67.4,1,12,8.3,1679,3535,47.5,2952,7050,10002,919,533,1483,1312,67.4,64.4,0
102,Gary Harris,427,12256,5006,1875,4179,44.9,609,1712,35.6,647,805,80.4,264,820,1084,890,502,94,518,52.2,55.2,0
103,Bojan Bogdanovic,559,16140,8217,2852,6236,45.7,1114,2831,39.4,1399,1618,86.5,283,1702,1985,869,311,42,887,54.7,59.1,0
104,Taj Gibson,856,21253,7896,3280,6337,51.8,29,136,21.3,1307,1840,71,1973,3331,5304,856,485,901,974,52,55.2,0
105,Jeremy Lamb,538,11250,5538,2038,4610,44.2,569,1647,34.5,893,1035,86.3,284,1688,1972,847,396,203,441,50.4,54.7,0
106,Derrick Favors,770,18862,8263,3378,6325,53.4,38,185,20.5,1469,2216,66.3,1904,3618,5522,834,569,930,992,53.7,56.6,0
107,Wayne Ellington,746,15673,6030,2177,5310,41,1171,3062,38.2,505,598,84.4,231,1361,1592,833,397,63,497,52,54.1,0
108,Steven Adams,614,16465,5811,2412,4099,58.8,1,13,7.7,986,1790,55.1,2138,2632,4770,796,545,587,880,58.9,59.5,0
109,Terrence Ross,632,15802,7151,2609,6238,41.8,1192,3267,36.5,741,889,83.4,220,1580,1800,776,536,213,620,51.4,53.9,0
110,Justin Holiday,525,12739,4483,1566,3925,39.9,857,2355,36.4,494,603,81.9,198,1377,1575,770,514,229,459,50.8,53.5,0
111,Gorgui Dieng,574,12073,4370,1657,3316,50,153,430,35.6,903,1142,79.1,1010,2368,3378,765,458,528,646,52.3,57.2,0
112,Rudy Gobert,570,16974,6937,2566,3954,64.9,0,8,0,1805,2855,63.2,1859,4660,6519,759,389,1275,935,64.9,66.6,0
113,Robin Lopez,912,20098,8007,3346,6238,53.6,51,175,29.1,1264,1695,74.6,2070,2434,4504,751,214,1021,1001,54,57.3,0
114,Robert Covington,492,14824,5790,1945,4806,40.5,1103,3080,35.8,797,982,81.2,445,2408,2853,741,785,461,770,51.9,55.3,0
115,Udonis Haslem,864,21592,6533,2648,5408,49,5,59,8.5,1232,1631,75.5,1608,4153,5761,730,422,250,804,49,53.3,0
116,Rodney Hood,416,10560,4552,1649,3929,42,628,1720,36.5,626,744,84.1,150,972,1122,712,293,75,417,50,53.5,0
117,Serge Ibaka,860,24218,10644,4418,8613,51.3,579,1612,35.9,1229,1620,75.9,1829,4424,6253,709,362,1722,1139,54.7,57.1,0
118,Nemanja Bjelica,403,8390,3143,1179,2534,46.5,466,1208,38.6,319,419,76.1,447,1409,1856,705,266,167,403,55.7,57.8,0
119,Jonas Valanciunas,649,16774,8531,3395,6030,56.3,129,341,37.8,1612,2061,78.2,1823,4239,6062,703,265,668,1020,57.4,61.5,0
120,Tristan Thompson,691,18922,6359,2558,4934,51.8,9,35,25.7,1234,2029,60.8,2332,3603,5935,701,347,488,796,51.9,54.6,0
121,Jerami Grant,532,13751,5907,2041,4506,45.3,529,1529,34.6,1296,1808,71.7,484,1630,2114,698,331,593,583,51.2,55.7,0
122,Otto Porter Jr.,463,12111,4986,1922,4021,47.8,628,1557,40.3,514,648,79.3,520,1772,2292,697,521,194,370,55.6,57.9,0
123,Cody Zeller,491,10938,4184,1578,3037,52,32,145,22.1,996,1363,73.1,987,1947,2934,689,319,321,520,52.5,57.5,0
124,Joe Harris,414,10603,4584,1676,3470,48.3,874,1991,43.9,358,459,78,238,1106,1344,679,204,80,477,60.9,62.4,0
125,Solomon Hill,448,9654,2453,843,2175,38.8,362,1093,33.1,405,508,79.7,289,1110,1399,662,307,99,377,47.1,51.1,0
126,Tony Snell,568,12513,3521,1279,2969,43.1,692,1753,39.5,271,321,84.4,158,1138,1296,653,254,132,314,54.7,56.6,0
127,Enes Freedom,729,15876,8291,3402,6215,54.7,45,157,28.7,1442,1858,77.6,2196,3554,5750,633,294,358,1066,55.1,58.9,0
128,Willie Cauley-Stein,420,9271,3675,1552,2853,54.4,6,32,18.8,565,923,61.2,694,1774,2468,597,349,335,384,54.5,56.4,0
129,Maurice Harkless,591,13487,4109,1628,3438,47.4,356,1121,31.8,497,799,62.2,649,1482,2131,558,562,383,497,52.5,54.2,0
130,Montrezl Harrell,413,8906,5362,2172,3516,61.8,7,68,10.3,1011,1535,65.9,778,1428,2206,553,238,354,478,61.9,64,0
131,Ed Davis,700,13632,4278,1769,3122,56.7,0,4,0,740,1265,58.5,1580,3001,4581,533,348,561,530,56.7,58.1,0
132,Ben McLemore,503,11387,4424,1573,3781,41.6,733,2018,36.3,545,702,77.6,213,964,1177,512,318,96,559,51.3,54.1,0
133,Myles Turner,416,11938,5298,1995,4076,48.9,381,1066,35.7,927,1209,76.7,591,2192,2783,494,298,940,555,53.6,57.5,0
134,Bobby Portis,403,8438,4308,1736,3708,46.8,385,1007,38.2,451,597,75.5,731,1806,2537,481,229,144,434,52,54.2,0
135,Nerlens Noel,437,9800,3268,1349,2457,54.9,2,12,16.7,568,865,65.7,869,1848,2717,478,554,656,572,54.9,57.6,0
136,Alex Len,549,10439,4242,1629,3219,50.6,110,328,33.5,874,1277,68.4,1043,2206,3249,462,215,543,652,52.3,56.1,0
137,Dwight Powell,454,8425,3356,1238,2175,56.9,115,391,29.4,765,1031,74.2,675,1384,2059,457,299,217,305,59.6,63.8,0
138,Doug McDermott,493,10221,4466,1696,3549,47.8,653,1597,40.9,421,512,82.2,214,947,1161,455,103,48,312,57,59.2,0
139,Kelly Oubre Jr.,431,10883,5106,1837,4217,43.6,594,1781,33.4,838,1105,75.8,400,1490,1890,436,402,210,460,50.6,54.3,0
140,Clint Capela,423,11353,5330,2313,3714,62.3,0,3,0,704,1321,53.3,1492,2987,4479,407,297,658,502,62.3,62,0
141,JaMychal Green,444,9404,3545,1336,2857,46.8,368,993,37.1,505,654,77.2,760,1821,2581,406,250,188,486,53.2,56.4,0
142,Mike Muscala,408,6370,2475,893,1952,45.7,371,997,37.2,318,377,84.4,340,963,1303,366,139,195,252,55.3,58.4,0
143,JaVale McGee,772,13208,6118,2621,4567,57.4,11,59,18.6,865,1448,59.7,1453,2577,4030,331,313,1153,767,57.5,58.8,0
144,Hassan Whiteside,469,11834,6078,2536,4362,58.1,8,26,30.8,998,1646,60.6,1492,3687,5179,307,254,1070,726,58.2,59.7,0
145,Dewayne Dedmon,436,7810,2777,1100,2102,52.3,163,482,33.8,414,563,73.5,691,1909,2600,301,234,360,424,56.2,59.1,0
